"N˙mero Contrato";"CÛdigo ”rg„o Superior";"Nome ”rg„o Superior";"CÛdigo ”rg„o";"Nome ”rg„o";"CÛdigo UG";"Nome UG";"N˙mero Apostilamento";"DescriÁ„o Apostilamento";"Valor Apostilamento";"Data de inclus„o";"SituaÁ„o Apostilamento"
"992013";"20113";"MINISTERIO DO PLANEJAMENTO,DESENV. E GEST√O";"20113";"MINISTERIO DO PLANEJAMENTO,DESENV. E GEST√O";"201013";"COORDENA«√O DE EXECU«√O ORC. E FINANCEIRA";"000000000015/2016";"REAJUSTE DE PRECOS NO PERCENTUAL DE 8,575%.";"6069,20";"29/03/2016";"Encerrado"
"992013";"20113";"MINISTERIO DO PLANEJAMENTO,DESENV. E GEST√O";"20113";"MINISTERIO DO PLANEJAMENTO,DESENV. E GEST√O";"201013";"COORDENA«√O DE EXECU«√O ORC. E FINANCEIRA";"000000000047/2016";"Reajuste de preÁos.";"8205,00";"16/12/2016";"Encerrado"
"112013";"20000";"PRESIDENCIA DA REPUBLICA";"20116";"FUNDO DE IMPRENSA NACIONAL";"110245";"FUNDO DE IMPRENSA NACIONAL/EXEC.ORC.FINANC.";"000000000002/2016";"Reajuste contratual  no percentual de aproximandamente 9,49%, correspondent                                            e ao IPCA de set/2014 set/2015.";"53728,60";"29/03/2016";"Encerrado"
"112013";"20000";"PRESIDENCIA DA REPUBLICA";"20116";"FUNDO DE IMPRENSA NACIONAL";"110245";"FUNDO DE IMPRENSA NACIONAL/EXEC.ORC.FINANC.";"000000000003/2016";"Reajuste do valor contratual no percentual de aproximadamente 8,48% consid  erando o perÌodo correspondente ao IPCA de setembro/2015 a setembro/2016.";"52527,50";"29/12/2016";"Encerrado"
"112013";"20000";"PRESIDENCIA DA REPUBLICA";"20116";"FUNDO DE IMPRENSA NACIONAL";"110245";"FUNDO DE IMPRENSA NACIONAL/EXEC.ORC.FINANC.";"000000000002/2017";"Reajuste do valor contratual, considerando o perÌodo correspondente ao IPCA                                          de setembro/2016 a setembro/2017.";"14997,10";"03/01/2018";"Encerrado"
"122013";"20000";"PRESIDENCIA DA REPUBLICA";"20116";"FUNDO DE IMPRENSA NACIONAL";"110245";"FUNDO DE IMPRENSA NACIONAL/EXEC.ORC.FINANC.";"000000000002/2016";"Concess„o de reajuste do valor do contrato pelo IPCA.";"84147,00";"22/12/2016";"Encerrado"
"122013";"20000";"PRESIDENCIA DA REPUBLICA";"20116";"FUNDO DE IMPRENSA NACIONAL";"110245";"FUNDO DE IMPRENSA NACIONAL/EXEC.ORC.FINANC.";"00000000000000002";"REAJUSTE DO CONTRATO 12/2013";"66047,60";"16/12/2014";"Encerrado"
"122013";"20000";"PRESIDENCIA DA REPUBLICA";"20116";"FUNDO DE IMPRENSA NACIONAL";"110245";"FUNDO DE IMPRENSA NACIONAL/EXEC.ORC.FINANC.";"000000000002/2017";"Reajuste do valor contratual. considerando o perÌodo correspondente ao IPCA                                            de outubro/2016 a outubro/2017.";"31142,10";"03/01/2018";"Encerrado"
"132013";"20000";"PRESIDENCIA DA REPUBLICA";"20116";"FUNDO DE IMPRENSA NACIONAL";"110245";"FUNDO DE IMPRENSA NACIONAL/EXEC.ORC.FINANC.";"00000000000000002";"AcrÈscimo do reajuste contratual";"6101,40";"12/02/2015";"Encerrado"
"22013";"44000";"MINISTERIO DO MEIO AMBIENTE";"20701";"INST.BRAS.DO MEIO AMB.E DOS REC.NAT.RENOVAV.";"193105";"IBAMA - SUPERINTENDENCIA ESTADUAL/AC";"02002000025201341";"REAJUSTE CONTRATUAL 25% (VINTE E CINCO POR CENTO)";"17559,70";"18/06/2014";"Efetivado"
"162013";"44000";"MINISTERIO DO MEIO AMBIENTE";"20701";"INST.BRAS.DO MEIO AMB.E DOS REC.NAT.RENOVAV.";"193118";"IBAMA - SUPERINTENDENCIA ESTADUAL/PR";"000000000001/2015";"EM ATENDIMENTO AO MEMORANDO 02017.000727/2015-28 DIAF/PR/IBAMA PARA COMPLEMENTAÁ„O DA NOTA TÈCNICA N  565/2014. CONTRATO DE TELEFONIA FIXA DA BASE AVA                                                      NÁADA DE LONDRINA/PR.";"472,00";"01/10/2015";"Encerrado"
"222013";"22000";"MINIST. DA AGRICUL.,PECUARIA E ABASTECIMENTO";"22000";"MINIST. DA AGRICUL.,PECUARIA E ABASTECIMENTO";"130005";"COORD.-GERAL DE EXECUCAO OR«.E FIN./DA/MAPA";"000000000022/2013";"REAJUSTE DE PREÁOS DO CONTRATO";"33427,80";"10/12/2015";"Encerrado"
"222013";"22000";"MINIST. DA AGRICUL.,PECUARIA E ABASTECIMENTO";"22000";"MINIST. DA AGRICUL.,PECUARIA E ABASTECIMENTO";"130005";"COORD.-GERAL DE EXECUCAO OR«.E FIN./DA/MAPA";"000000000015/2014";"PROMOVER REAJUSTES DE SERVIÁOS DE MANUTENÁ„O PREVENTIVA , PROGRAMADA E CORR                                                        ETIVA DE SALA COFRE";"19241,00";"10/10/2014";"Encerrado"
"222013";"22000";"MINIST. DA AGRICUL.,PECUARIA E ABASTECIMENTO";"22000";"MINIST. DA AGRICUL.,PECUARIA E ABASTECIMENTO";"130005";"COORD.-GERAL DE EXECUCAO OR«.E FIN./DA/MAPA";"00000000000000011";"REAJUSTE DO IPC 8,47%, ACUMULADO EM 12 MESES.";"32666,20";"30/11/2016";"Encerrado"
"222013";"22000";"MINIST. DA AGRICUL.,PECUARIA E ABASTECIMENTO";"22000";"MINIST. DA AGRICUL.,PECUARIA E ABASTECIMENTO";"130005";"COORD.-GERAL DE EXECUCAO OR«.E FIN./DA/MAPA";"000000000001/2018";"PROMOVER O REAJUSTE DO CONTRATO 22/2013";"10616,10";"11/01/2018";"Encerrado"
"232013";"22000";"MINIST. DA AGRICUL.,PECUARIA E ABASTECIMENTO";"22000";"MINIST. DA AGRICUL.,PECUARIA E ABASTECIMENTO";"130005";"COORD.-GERAL DE EXECUCAO OR«.E FIN./DA/MAPA";"0AjustedeVigÍncia";"Apostilamento criado para ajustar a vigÍncia do contrato que È de 5 anos di                                                                      reto.";"6000,00";"23/10/2015";"Encerrado"
"232013";"22000";"MINIST. DA AGRICUL.,PECUARIA E ABASTECIMENTO";"22000";"MINIST. DA AGRICUL.,PECUARIA E ABASTECIMENTO";"130005";"COORD.-GERAL DE EXECUCAO OR«.E FIN./DA/MAPA";"00000001/20160CEB";"Contrato previsto por cinco anos com lanÁamento de valores anuais";"6000,00";"23/10/2016";"Encerrado"
"232013";"22000";"MINIST. DA AGRICUL.,PECUARIA E ABASTECIMENTO";"22000";"MINIST. DA AGRICUL.,PECUARIA E ABASTECIMENTO";"130005";"COORD.-GERAL DE EXECUCAO OR«.E FIN./DA/MAPA";"000000000099/2017";"REFORÁAR O VALOR DO CONTRATO PARA O PERÌODO DE 2017/2018";"6000,00";"07/11/2017";"Encerrado"
"232013";"22000";"MINIST. DA AGRICUL.,PECUARIA E ABASTECIMENTO";"22000";"MINIST. DA AGRICUL.,PECUARIA E ABASTECIMENTO";"130005";"COORD.-GERAL DE EXECUCAO OR«.E FIN./DA/MAPA";"000000000001/2017";"Custeio de taxas de iluminaÁ„o p˙blica art. 149-A da CF";"0,00";"22/12/2017";"Encerrado"
"232013";"22000";"MINIST. DA AGRICUL.,PECUARIA E ABASTECIMENTO";"22000";"MINIST. DA AGRICUL.,PECUARIA E ABASTECIMENTO";"130005";"COORD.-GERAL DE EXECUCAO OR«.E FIN./DA/MAPA";"ajuste0de0VigÍnci";"Apostilamento criado para ajustar a vigÍncia do contrato que È de 5 anos di                                                                      reto.";"6000,00";"23/10/2014";"Encerrado"
"62013";"22000";"MINIST. DA AGRICUL.,PECUARIA E ABASTECIMENTO";"22000";"MINIST. DA AGRICUL.,PECUARIA E ABASTECIMENTO";"130027";"SUPERINT.FEDERAL DE AGRIC.PECUARIA E ABASTEC.";"000000000001/2015";"INCLUS„O DE RETROATIVOS NAS 23™E 24™ PARCELAS, N„O COMPUTADOS QUANDO DA ELA                                                   BORAÁ„O DA NOTA TÈCNICA.";"2742,90";"30/11/2015";"Encerrado"
"422013";"22000";"MINIST. DA AGRICUL.,PECUARIA E ABASTECIMENTO";"22000";"MINIST. DA AGRICUL.,PECUARIA E ABASTECIMENTO";"130058";"LABORAT”RIO FEDERAL DE DEFESA AGROPECU¡RIA";"000000000026/2016";"Promover o reajuste de preÁos conforme previsto no contrato 42/2013.";"3407,10";"17/10/2016";"Encerrado"
"422013";"22000";"MINIST. DA AGRICUL.,PECUARIA E ABASTECIMENTO";"22000";"MINIST. DA AGRICUL.,PECUARIA E ABASTECIMENTO";"130058";"LABORAT”RIO FEDERAL DE DEFESA AGROPECU¡RIA";"000000000003/2018";"PROMOVER O REAJUSTE DOS PREÁOS CONFORME PREVISTO EM CONTRATO.";"680,80";"29/01/2018";"Encerrado"
"52013";"22000";"MINIST. DA AGRICUL.,PECUARIA E ABASTECIMENTO";"22000";"MINIST. DA AGRICUL.,PECUARIA E ABASTECIMENTO";"130072";"SUPERINT.FEDERAL DE AGRIC.PECUARIA E ABASTEC.";"00000000000012015";"RepactuaÁ„o do contrato conforme ConvenÁ„o Coletiva de Trabalho Asseio e ConservaÁ„o 2015-Registro no MTE SC000049/2015 para aumento do piso salarial.";"23529,60";"20/04/2015";"Encerrado"
"52013";"22000";"MINIST. DA AGRICUL.,PECUARIA E ABASTECIMENTO";"22000";"MINIST. DA AGRICUL.,PECUARIA E ABASTECIMENTO";"130072";"SUPERINT.FEDERAL DE AGRIC.PECUARIA E ABASTEC.";"00000000000000001";"DATA BASE DA CONVENÁ„O COLETIVA DO TRABALHO DE ASSEIO E CONSERVAÁ„O 2014 RE                 GISTRO NO MTE MR002510/2014 PARA AUMENTO DO PISO SALARIAL.";"11258,20";"13/02/2014";"Encerrado"
"42013";"22000";"MINIST. DA AGRICUL.,PECUARIA E ABASTECIMENTO";"22000";"MINIST. DA AGRICUL.,PECUARIA E ABASTECIMENTO";"130074";"SUPERINT.FEDERAL DE ACRIC.PECUARIA E ABASTEC.";"000000000002/2016";"O SR.SUPERINTENDENTE FEDERAL DE AGRICULTURANO RS,ORDENADOR DE DESPESAS, EMEXERCÌCIO,NO USO DE SUAS ATRIBUIÁıES LEGAIS,RESOLVE:AUTORIZAR COMO MERA EXECUÁ„O CONTRATUAL O REAJUSTE DO CONTRATO 04/2013,A PARTIR DE 01/10/2016,APLI CANDO-SE O ÌNDICE IPCA-IBGE, DE 8,47%.O NOVO VALOR MENSAL PASSAR· PARA: R$                                        13.302,72 E ANUAL DE R$ 159.632,64.";"12473,70";"01/11/2016";"Encerrado"
"42013";"22000";"MINIST. DA AGRICUL.,PECUARIA E ABASTECIMENTO";"22000";"MINIST. DA AGRICUL.,PECUARIA E ABASTECIMENTO";"130074";"SUPERINT.FEDERAL DE ACRIC.PECUARIA E ABASTEC.";"000000000001/2017";"O SR.SUPERINTENDENTE FEDERAL DE AGRICULTURANO RS,ORDENADOR DE DESPESAS, EMEXERCÌCIO,NO USO DE SUAS ATRIBUIÁıES LEGAIS,RESOLVE:AUTORIZAR COMO MERA EXECUÁ„O CONTRATUAL A COMPLEMENTA«√O DE DIFEREN«A GERADA ENTRE O VALOR DO 2∫T.DE APOSTILAMENTO 02/2016 E O 4∫ TERMO ADITIVO, EM DECORR NCIA DO AUMENTO DE   25% NO VALOR DO CONTRATO, FLS 428/429 DO PROCESSO 21042.003.170/2013-52.";"12500,60";"21/03/2017";"Encerrado"
"42013";"22000";"MINIST. DA AGRICUL.,PECUARIA E ABASTECIMENTO";"22000";"MINIST. DA AGRICUL.,PECUARIA E ABASTECIMENTO";"130074";"SUPERINT.FEDERAL DE ACRIC.PECUARIA E ABASTEC.";"000000000001/2016";"REAJUSTE CONTRATURAL COM BASE NA CL·USULA DÈCIMA SEGUNDA DO INSTRUMENTO CONTRATUAL E NO IPCA(IBGE), DO PERÌODO DE 10/2014 ‡ 09/2015. O NOVO VALOR MENS           AL PASSAR· DE 11.200,00, PARA 12.263,24, A PARTIR DE 01/10/2015.";"13006,90";"15/01/2016";"Encerrado"
"262013";"22000";"MINIST. DA AGRICUL.,PECUARIA E ABASTECIMENTO";"22000";"MINIST. DA AGRICUL.,PECUARIA E ABASTECIMENTO";"130103";"LABORAT”RIO FEDERAL DE DEFESA AGROPECURIO/RS";"000000000001/2014";"O presente apostilamento tem objeto a RepactuaÁ„o Contratual.";"11700,50";"11/04/2014";"Encerrado"
"12013";"49000";"MINISTERIO DO DESENVOLVIMENTO AGRARIO";"22201";"INSTIT. NAC. DE COLONIZACAO E REFORMA AGRARIA";"133080";"INCRA-SUPERINTENDENCIA REG. DO SUL DO PARA";"000000000001/2014";"ACR…SCIMO EM RAZ√O DE REPACTUA«√O, CONFORME APOSTILAMENTO 01/2014.";"33748,70";"01/01/2014";"Efetivado"
"140002013";"49000";"MINISTERIO DO DESENVOLVIMENTO AGRARIO";"22201";"INSTIT. NAC. DE COLONIZACAO E REFORMA AGRARIA";"373051";"SUPER. REGIONAL DE ALAGOAS-INCRA/SR-22";"00000000000000003";"TERMO DE APOSTILAMENTO DE REPACTUAÁ„O AO CONTRATO CRT/AL/N∫ 14.000/2013.       TOTALIZANDO O VALOR MENSAL R$ 2.359,29 E O VALOR ANUAL R$ 28.311,48.";"1388,90";"26/04/2017";"Encerrado"
"140002013";"49000";"MINISTERIO DO DESENVOLVIMENTO AGRARIO";"22201";"INSTIT. NAC. DE COLONIZACAO E REFORMA AGRARIA";"373051";"SUPER. REGIONAL DE ALAGOAS-INCRA/SR-22";"00000000000000002";"FICA ALTERADA A CL·USULA PRIMEIRA DO CONTRATO 14.000/2013, ONDE O VALOR MENSAL PASSA A SER DE R$ 2.009,58 (DOIS MIL, NOVE REAIS, CINQUENTA E OITO CEN-            TAVOS), COM EFEITO APLICAVEL A PARTIR DE 01 DE JANEIRO DE 2015.";"2033,70";"01/06/2015";"Encerrado"
"140002013";"49000";"MINISTERIO DO DESENVOLVIMENTO AGRARIO";"22201";"INSTIT. NAC. DE COLONIZACAO E REFORMA AGRARIA";"373051";"SUPER. REGIONAL DE ALAGOAS-INCRA/SR-22";"00000000000000001";"TERMO DE APOSTILAMENTO DE REPACTUAÁ„O AO CONTRATO N∫ 14.000/2013.";"1793,50";"02/02/2016";"Encerrado"
"150002013";"49000";"MINISTERIO DO DESENVOLVIMENTO AGRARIO";"22201";"INSTIT. NAC. DE COLONIZACAO E REFORMA AGRARIA";"373051";"SUPER. REGIONAL DE ALAGOAS-INCRA/SR-22";"00000000000000003";"inclus„o do termo de apostilamento n∫ 03 ao CRT/AL/15.000/2013, visando ao     reequilibrio economico financeiro, conforme a nova CCT AL 000012/2016.";"3422,10";"14/07/2016";"Encerrado"
"150002013";"49000";"MINISTERIO DO DESENVOLVIMENTO AGRARIO";"22201";"INSTIT. NAC. DE COLONIZACAO E REFORMA AGRARIA";"373051";"SUPER. REGIONAL DE ALAGOAS-INCRA/SR-22";"00000000000000002";"FICA ALTERADA A CL·USULA SETIMA DO CONTRAT-VALOR,ONDE O VALOR MENSAL PASSA A SER DE R$ 3.824,72 (TRÍS MIL OITOCENTOS E VINTE E QUATRO REAIS E SETENTA    E DOIS CENTAVOS),COM EFEITO APLIC·VEL A PARTIR DE 01 DE JANEIRO DE 2015";"3634,80";"01/06/2015";"Encerrado"
"172013";"24000";"MINISTERIO DA CIENCIA,TECNOLOGIA E INOVA«√O";"24000";"MINISTERIO DA CIENCIA,TECNOLOGIA E INOVA«√O";"240128";"LABORATORIO NACIONAL DE ASTROFISICA - MG";"00000000000000002";"Em decorrÍncia de alteraÁıes na CCT com efeitos a partir de 01/04/2015";"2603,10";"10/06/2015";"Encerrado"
"762013";"25000";"MINISTERIO DA ECONOMIA";"25000";"MINISTERIO DA ECONOMIA";"170010";"MF-SRF-SECRETARIA DA RECEITA FEDERAL/DF";"000000000002/2015";"Com fulcro no .8∫ do art. 65 da Lei n∫ 8.666, de 1993, e em conson‚ncia com o Parecer PGFN/CJU/COJLC/n∫ 2342/2011, indica-se mediante este instrumento , a dotaÁ„o orÁament·ria e a Nota de Empenho por onde correr„o as despesas                    do Contrato RFB/Copol n∫ 76/2013, no exercÌcio de 2015.";"0,00";"15/01/2015";"Encerrado"
"762013";"25000";"MINISTERIO DA ECONOMIA";"25000";"MINISTERIO DA ECONOMIA";"170010";"MF-SRF-SECRETARIA DA RECEITA FEDERAL/DF";"000000000008/2014";"Com fulcro no Par. 8o do art 65 da Lei 8.666/93 e em conson‚ncia com o Pare cer PGFN/CJU/COJLC/N 2343/2011, indica a dotaÁ„o orÁament·ria e da nota deempenho por onde correr„o as despesas do Contrato 76/2013 mo exercÌcio de 2                                                                       014.";"0,00";"28/04/2014";"Encerrado"
"12013";"25000";"MINISTERIO DA ECONOMIA";"25000";"MINISTERIO DA ECONOMIA";"170079";"DELEGACIA DA REC.FEDERAL EM SALVADOR/BA";"000000000001/2014";"INFORMAÁ„O DE DOTAÁ„O ORÁAMENT·RIA E NOTA DE EMPENHO PARA O EXERCÌCIO DE 2014 E PRIMEIRA REPACTUAÁ„O DE PREÁOS DO CONTRATO DE PRESTAÁ„O DE SERVIÁOS DE MOTORISTAS, PARA ADEQUAÁ„O DO PREÁO CONTRATUAL AO INCREMENTO NO CUSTO DA M„O DE OBRA DECORRENTE DO AUMENTO DOS SAL·RIOS E OUTROS ENCARGOS LEVADO A EF EITO PELA CONVENÁ„O COLETIVA DE TRABALHO 2014/2014 DA RESPECTIVA CATEGORIA";"7420,30";"28/07/2014";"Encerrado"
"52013";"25000";"MINISTERIO DA ECONOMIA";"25000";"MINISTERIO DA ECONOMIA";"170081";"DELEGACIA DA REC.FED.EM VIT.CONQUISTA-MF-BA";"000000000005/2015";"Dotacao orcamentaria.";"114851,60";"09/03/2015";"Encerrado"
"32013";"25000";"MINISTERIO DA ECONOMIA";"25000";"MINISTERIO DA ECONOMIA";"170097";"DELEGACIA DA REC.FEDERAL EM UBERLANDIA/MG";"000000000001/2015";"REPACTUAÁ„O DE VALORES DE ACORDO COM A CCT MG001005/2015 ALTERANDO SAL¡RIO                                                              E BENEFÕCIOS.";"27415,70";"29/05/2015";"Encerrado"
"32013";"25000";"MINISTERIO DA ECONOMIA";"25000";"MINISTERIO DA ECONOMIA";"170097";"DELEGACIA DA REC.FEDERAL EM UBERLANDIA/MG";"000000000001/2014";"ALTERAÁıES DE SAL·RIOS E BENEFÌCIOS DE ACORDO COM CCT. ACRÈSCIMO NO VALOR D                                                    E TARIFA DE TRANSPORTE.";"70415,80";"02/06/2014";"Encerrado"
"412013";"25000";"MINISTERIO DA ECONOMIA";"25000";"MINISTERIO DA ECONOMIA";"170109";"DRF-DELEGACIA DA RECEITA FEDERAL C.GRANDE/MS";"000000000001/2014";"INDICA«√O DA DOTA«√O OR«AMENT¡RIA E NOTA DE EMPENHO PARA ATENDER AS DESPESA                S DA DRF/CGE/MS INERENTES AO CONTRATO NO EXERCÕCIO DE 2014.";"0,00";"14/01/2014";"Encerrado"
"412013";"25000";"MINISTERIO DA ECONOMIA";"25000";"MINISTERIO DA ECONOMIA";"170109";"DRF-DELEGACIA DA RECEITA FEDERAL C.GRANDE/MS";"000000000001/2015";"Informar a dotaÁ„o orÁamentaria e a nota de empenho, para o exercicio de 20  15, com relaÁ„o ao contrato que tem por finalidade atender a NUREP/NUPEI.";"0,00";"19/02/2015";"Encerrado"
"412013";"25000";"MINISTERIO DA ECONOMIA";"25000";"MINISTERIO DA ECONOMIA";"170109";"DRF-DELEGACIA DA RECEITA FEDERAL C.GRANDE/MS";"000000000002/2015";"DiferenÁa de RepactuaÁ„o conforme convenÁ„o Coletiva 2015. Valor anterior do Contrato 32.766,38 que passar· a R$ 34.695,45. DiferenÁa de jan a set/201                                                                         5.";"17361,80";"21/05/2015";"Encerrado"
"412013";"25000";"MINISTERIO DA ECONOMIA";"25000";"MINISTERIO DA ECONOMIA";"170109";"DRF-DELEGACIA DA RECEITA FEDERAL C.GRANDE/MS";"000000000002/2014";"PROCEDER A CORREÁ„O DO VALE TRANSPORTE CONTRATO DE R$ 3109,00 PARA 36.04 8,19 (A PARTIR DE 11/11/2013) E REPACTUAÁ„O PARA R$ 37.562,56, A PARTIR DE                                                      1 DE JANEIRO DE 2014.";"13087,40";"15/04/2014";"Encerrado"
"422013";"25000";"MINISTERIO DA ECONOMIA";"25000";"MINISTERIO DA ECONOMIA";"170110";"INSP.REC.FEDERAL CL.A EM CORUMBA/MS";"000000000001/2014";"ConvenÁ„o Coletiva de Trabalho da Categoria do Sindicato dos Trabalhadores                      das Empresas de Asseio e ConservaÁ„o de MS 2014/2014.";"8638,90";"29/08/2014";"Encerrado"
"32013";"25000";"MINISTERIO DA ECONOMIA";"25000";"MINISTERIO DA ECONOMIA";"170111";"INSP.REC.FEDERAL CL.A EM PONTA PORA/MS";"10109724574201345";"REAJUSTE VALOR MENSAL DO CONTRATO N∫6/2009 DE R$17.757,86 PARA R$19.001,69  DEVIDO AO REAJUSTE SALARIAL E MAJORAÁ„O DO AUXÌLIO ALIMENTAÁ„O DECORRENTE                                                     DE CONVENÁ„O COLETIVA.";"79621,00";"19/09/2014";"Encerrado"
"32013";"25000";"MINISTERIO DA ECONOMIA";"25000";"MINISTERIO DA ECONOMIA";"170111";"INSP.REC.FEDERAL CL.A EM PONTA PORA/MS";"000000000002/2015";"AlteraÁ„o do valor mensal de R$ 155.526,59 para R$ 167.257,44 por conta da                             nova ConvenÁ„o Coletiva de Trabalho 2015/2016.";"140770,20";"28/07/2015";"Encerrado"
"32013";"25000";"MINISTERIO DA ECONOMIA";"25000";"MINISTERIO DA ECONOMIA";"170111";"INSP.REC.FEDERAL CL.A EM PONTA PORA/MS";"000000000001/2017";"Apostilamento para inclus„o de Nota de Empenho 2017.";"0,00";"13/03/2017";"Encerrado"
"32013";"25000";"MINISTERIO DA ECONOMIA";"25000";"MINISTERIO DA ECONOMIA";"170111";"INSP.REC.FEDERAL CL.A EM PONTA PORA/MS";"00000000000022017";"Reajuste valor mensal do contrato n∫03/2013 de R$81.398,26 para R$85.405,78  devido ao reajuste salarial decorrente de ConvenÁ„o Coletiva de Trabalho.";"33396,00";"31/07/2017";"Encerrado"
"32013";"25000";"MINISTERIO DA ECONOMIA";"25000";"MINISTERIO DA ECONOMIA";"170111";"INSP.REC.FEDERAL CL.A EM PONTA PORA/MS";"00000000000012016";"REAJUSTE VALOR MENSAL DO CONTRATO DE R$138.718,37 PARA R$161.764,24 DEVIDOA CONVENÁ„O COLETIVA DE TRABALHO 2016/2017 A PARTIR DE 01 DE MARÁO DE 2016.                                                          CONTRATO 03/2013.";"192049,00";"25/07/2016";"Encerrado"
"152013";"25000";"MINISTERIO DA ECONOMIA";"25000";"MINISTERIO DA ECONOMIA";"170114";"SUPERINTEND NCIA DE ADMINISTRA«√O DO MF - RJ";"000000000001/2014";"REPACUA«√O CONTRATUAL (DISSÕDIO COETIVO) DAS CATEGORIAS  DE TELEFONISTA/MO-                        TORISTA CATEGORIA B E CATEGORIAD EXERCÕCIO DE 2013.";"50812,60";"06/01/2014";"Encerrado"
"42013";"25000";"MINISTERIO DA ECONOMIA";"25000";"MINISTERIO DA ECONOMIA";"170142";"DELEGACIA DA REC.FEDERAL EM SOROCABA/SP";"00000000000000005";"IndicaÁ„o da Nota de Empenho para atender despesa do contrato para o exercÌ                                                                  cio 2018.";"0,00";"10/01/2018";"Encerrado"
"42013";"25000";"MINISTERIO DA ECONOMIA";"25000";"MINISTERIO DA ECONOMIA";"170142";"DELEGACIA DA REC.FEDERAL EM SOROCABA/SP";"00000000000000003";"INDICAÁ„O DO CRÈDITO ORÁAMENT·RIO E DA NOTA DE EMPENHO PARA ATENDER A DESPE                            SA DO CONTRATO NO EXERCÌCIO FINANCEIRO DE 2016.";"0,00";"25/01/2016";"Encerrado"
"42013";"25000";"MINISTERIO DA ECONOMIA";"25000";"MINISTERIO DA ECONOMIA";"170142";"DELEGACIA DA REC.FEDERAL EM SOROCABA/SP";"00000000000000002";"IndicaÁ„o do crÈdito orÁament·rio e da nota de empenho para atender a despe                            sa do contrato no exercÌcio financeiro de 2015.";"0,00";"03/02/2015";"Encerrado"
"42013";"25000";"MINISTERIO DA ECONOMIA";"25000";"MINISTERIO DA ECONOMIA";"170142";"DELEGACIA DA REC.FEDERAL EM SOROCABA/SP";"00000000000000001";"INDICAÁ„O DO CRÈDITO ORÁAMENT·RIO E DA NOTA DE EMPENHO PARA ATENDER A DESPE                            SA DO CONTRATO NO EXERCÌCIO FINANCEIRO DE 2014.";"0,00";"14/01/2014";"Encerrado"
"42013";"25000";"MINISTERIO DA ECONOMIA";"25000";"MINISTERIO DA ECONOMIA";"170158";"DELEGACIA DA REC.FEDERAL EM CURITIBA/PR";"000000000002/2016";"Reajuste anual com base no INPC (IBGE) para o perÌodo de agosto/2015 a sete                                 mbro/2016. efeitos  a partir de 26/09/2016";"10682,40";"29/09/2016";"Encerrado"
"42013";"25000";"MINISTERIO DA ECONOMIA";"25000";"MINISTERIO DA ECONOMIA";"170158";"DELEGACIA DA REC.FEDERAL EM CURITIBA/PR";"000000000001/2017";"INDICACAO DE DOTACAO ORCAMENTARIA EXERCICIO 2017";"0,00";"25/01/2017";"Encerrado"
"42013";"25000";"MINISTERIO DA ECONOMIA";"25000";"MINISTERIO DA ECONOMIA";"170158";"DELEGACIA DA REC.FEDERAL EM CURITIBA/PR";"00000000000000002";"INDICAÁ„O DE DOTAÁ„O ORÁAMENT·RIA E REGISTRO DE NOTA DE EMPENHO PARA COBRIR                               AS DESPESAS REFERENTES AO EXERCÌCIO DE 2016.";"0,00";"18/01/2016";"Encerrado"
"42013";"25000";"MINISTERIO DA ECONOMIA";"25000";"MINISTERIO DA ECONOMIA";"170158";"DELEGACIA DA REC.FEDERAL EM CURITIBA/PR";"00000000000012015";"INDICAÁ„O DA DOTAÁ„O ORÁAMENT·RIA E PRIMEIRA NOTA DE EMPENHO PARA COBRIR DE                                     SPESAS REFERENTES AO EXERCÌCIO DE 2015";"0,00";"26/02/2015";"Encerrado"
"52013";"25000";"MINISTERIO DA ECONOMIA";"25000";"MINISTERIO DA ECONOMIA";"170158";"DELEGACIA DA REC.FEDERAL EM CURITIBA/PR";"000000000001/2016";"IndicaÁ„o de dotaÁ„o orÁament·ria e registro de nota de empenho para cobrir                               as despesas referentes ao exercÌcio de 2016.";"0,00";"19/01/2016";"Encerrado"
"52013";"25000";"MINISTERIO DA ECONOMIA";"25000";"MINISTERIO DA ECONOMIA";"170158";"DELEGACIA DA REC.FEDERAL EM CURITIBA/PR";"00000000000012015";"INDICAÁ„O DA DOTAÁ„O ORÁAMENT·RIA E PRIMEIRA NOTA DE EMPENHO PARA COBRIR DE                                    SPESAS REFERENTES AO EXERCICIO DE 2015.";"0,00";"26/02/2015";"Encerrado"
"72013";"25000";"MINISTERIO DA ECONOMIA";"25000";"MINISTERIO DA ECONOMIA";"170158";"DELEGACIA DA REC.FEDERAL EM CURITIBA/PR";"000000000003/2015";"REPACTUAÁ„O DO VALOR MENSAL DO CONTRATO PARA FAZER FRENTE ‡ MAJORAÁ„O DOS C                  USTOS PARA A PRESTAÁ„O DO SERVIÁO DECORRENTE DA CCT 2015.";"21245,30";"16/09/2015";"Encerrado"
"72013";"25000";"MINISTERIO DA ECONOMIA";"25000";"MINISTERIO DA ECONOMIA";"170158";"DELEGACIA DA REC.FEDERAL EM CURITIBA/PR";"000000000002/2015";"REPACTUA«√O DO VALOR MENSAL DO CONTRATO EM FACE DA CCT 2014.";"22248,50";"07/05/2015";"Encerrado"
"72013";"25000";"MINISTERIO DA ECONOMIA";"25000";"MINISTERIO DA ECONOMIA";"170158";"DELEGACIA DA REC.FEDERAL EM CURITIBA/PR";"000000000001/2015";"IndicaÁ„o da dotaÁ„o orÁament·ria e emiss„o de nota de empenho para cobrir                               as despesas referentes ao exercÌcio de 2015.";"0,00";"21/01/2015";"Encerrado"
"324262013";"25000";"MINISTERIO DA ECONOMIA";"25000";"MINISTERIO DA ECONOMIA";"170160";"DELEGACIA DA REC.FEDERAL EM P.GROSSA/PR";"000000000001/2015";"Informar a Nota de Empenho destinada a custear as despesas do contrato no e                                                   xercÌcio corrente (2015)";"10,00";"15/05/2015";"Pendente"
"324262013";"25000";"MINISTERIO DA ECONOMIA";"25000";"MINISTERIO DA ECONOMIA";"170160";"DELEGACIA DA REC.FEDERAL EM P.GROSSA/PR";"000000000002/2016";"Consignar a emiss„o da Nota de Empenho n  2016NE800012, de 7 de janeiro de   2016, destinada a custear as despesas do contrato no exercÌcio corrente.";"0,00";"19/01/2016";"Encerrado"
"324262013";"25000";"MINISTERIO DA ECONOMIA";"25000";"MINISTERIO DA ECONOMIA";"170160";"DELEGACIA DA REC.FEDERAL EM P.GROSSA/PR";"000000000003/2017";"INFORMAR A NOTA DE EMPENHO EMITIDA PARA CUSTEAR AS DESPESAS INERENTES AO CO                                             NTRATO_DURANTE O ANO_CORRENTE.";"0,00";"15/02/2017";"Encerrado"
"62013";"25000";"MINISTERIO DA ECONOMIA";"25000";"MINISTERIO DA ECONOMIA";"170161";"DELEGACIA DA REC.FEDERAL EM MARINGA/PR";"00000000000012017";"LANCAMENTO PARA CORRECAO DO CRONOGRAMA";"0,00";"26/07/2017";"Encerrado"
"102013";"25000";"MINISTERIO DA ECONOMIA";"25000";"MINISTERIO DA ECONOMIA";"170162";"ALF¬NDEGA DA RFB EM FOZ DO IGUA«U";"00000000000000001";"INDICA«√O DE NOTA DE EMPENHO PARA COBRIR TODAS AS DESPESAS DO EXERCÕCIO DE                                                                      2014.";"0,00";"23/01/2014";"Encerrado"
"112013";"25000";"MINISTERIO DA ECONOMIA";"25000";"MINISTERIO DA ECONOMIA";"170162";"ALF¬NDEGA DA RFB EM FOZ DO IGUA«U";"00000000000012014";"IndicaÁ„o de nota de empenho para cobrir todas as despesas no exercÌcio de                                                                      2014.";"0,00";"23/01/2014";"Encerrado"
"72013";"25000";"MINISTERIO DA ECONOMIA";"25000";"MINISTERIO DA ECONOMIA";"170166";"SUPERINTEND NCIA DE ADMINISTRA«√O DO MF - SC";"000000000001/2017";"REAJUSTE CONTRATUAL";"17438,90";"21/02/2017";"Encerrado"
"72013";"25000";"MINISTERIO DA ECONOMIA";"25000";"MINISTERIO DA ECONOMIA";"170166";"SUPERINTEND NCIA DE ADMINISTRA«√O DO MF - SC";"000000000003/2017";"REAJUSTE_ANUAL";"0,00";"01/11/2017";"Encerrado"
"72013";"25000";"MINISTERIO DA ECONOMIA";"25000";"MINISTERIO DA ECONOMIA";"170166";"SUPERINTEND NCIA DE ADMINISTRA«√O DO MF - SC";"00000000000022015";"APLICAÁ„O DE REAJUSTE COM BASE NO IGP-M/FGV, CONFORME PREVIS„O CONTRATUAL.";"8142,60";"30/11/2015";"Encerrado"
"72013";"25000";"MINISTERIO DA ECONOMIA";"25000";"MINISTERIO DA ECONOMIA";"170166";"SUPERINTEND NCIA DE ADMINISTRA«√O DO MF - SC";"000000000001/2016";"REGISTRO DE EMISS„O DE NOTA DE EMPENHO PARA ATENDER AO EXERCÌCIO DE 2016.";"0,00";"02/03/2016";"Encerrado"
"72013";"25000";"MINISTERIO DA ECONOMIA";"25000";"MINISTERIO DA ECONOMIA";"170166";"SUPERINTEND NCIA DE ADMINISTRA«√O DO MF - SC";"000000000002/2018";"INCLUS„O DE PARCELA PARA QUITAÁ„O DO IPTU 2018, CONFORME CL·USULA 6™DO CON                                                  TRATO SAMF/SC N∫ 07/2013.";"4509,90";"12/03/2018";"Encerrado"
"42013";"25000";"MINISTERIO DA ECONOMIA";"25000";"MINISTERIO DA ECONOMIA";"170168";"ALFANDEGA DO PORTO DE SANTOS/SP";"00000000000042016";"RepactuaÁ„o do preÁo contratado em virtude da ConvenÁ„o Coletiva de Trabalho 2016 2017 das respectivas categorias profissionais, a partir de 1∫ de Set                                     embro de 2016, data-base da categoria.";"56731,90";"22/11/2016";"Encerrado"
"42013";"25000";"MINISTERIO DA ECONOMIA";"25000";"MINISTERIO DA ECONOMIA";"170168";"ALFANDEGA DO PORTO DE SANTOS/SP";"000000000005/2017";"REPACTUAÁ„O DECORRENTE DE CONVENÁ„O COLETIVA DE TRABALHO.";"35729,80";"13/11/2017";"Encerrado"
"42013";"25000";"MINISTERIO DA ECONOMIA";"25000";"MINISTERIO DA ECONOMIA";"170168";"ALFANDEGA DO PORTO DE SANTOS/SP";"00000000000012015";"RepactuaÁ„o do preÁo contratado em virtude das ConvenÁıes Coletivas de Trab                             alho das respectivas categorias profissionais.";"251134,90";"18/12/2015";"Encerrado"
"42013";"25000";"MINISTERIO DA ECONOMIA";"25000";"MINISTERIO DA ECONOMIA";"170168";"ALFANDEGA DO PORTO DE SANTOS/SP";"000000000001/2013";"REPACTUAÁ„O CONTRATUAL EM VIRTUDE DE AUMENTO DE VALOR DECORRENTE DE IMPLEME                        NTAÁ„O DA CONVENÁ„O COLETIVA DE TRABALHO 2013/2014.";"129423,60";"28/11/2013";"Encerrado"
"42013";"25000";"MINISTERIO DA ECONOMIA";"25000";"MINISTERIO DA ECONOMIA";"170168";"ALFANDEGA DO PORTO DE SANTOS/SP";"00000000000022014";"REPACTUAÁ„O DO PREÁO CONTRATADO, A PARTIR DE 1∫ DE SETEMBRO DE 2014, EM VIRTUDE DAS CONVENÁıES COLETIVAS DE TRABALHO 2014/2015 DAS RESPECTIVAS CATEGOR                                                         IAS PROFISSIONAIS.";"195175,80";"10/11/2014";"Encerrado"
"42013";"25000";"MINISTERIO DA ECONOMIA";"25000";"MINISTERIO DA ECONOMIA";"170172";"ALF. DA RF DO BRASIL DO PORTO DE ITAJAÕ/SC";"000000000002/2015";"Apostilmaneto feito para correÁ„o da data de vigÍncia";"0,00";"13/10/2015";"Encerrado"
"42013";"25000";"MINISTERIO DA ECONOMIA";"25000";"MINISTERIO DA ECONOMIA";"170172";"ALF. DA RF DO BRASIL DO PORTO DE ITAJAÕ/SC";"000000000001/2014";"Apostilamento efetuado para informar a dotaÁ„o orÁament·ria";"10,00";"18/07/2014";"Encerrado"
"12013";"25000";"MINISTERIO DA ECONOMIA";"25000";"MINISTERIO DA ECONOMIA";"170187";"ALF¬NDEGA DA RFB EM SANTANA DO LIVRAMENTO/RS";"00000000000012014";"PRORROGAÁ„O DO PRAZO DE VIGÍNCIA DO CONTRATO ATÈ 17/FEV/2014";"0,00";"25/11/2014";"Encerrado"
"12013";"25000";"MINISTERIO DA ECONOMIA";"25000";"MINISTERIO DA ECONOMIA";"170187";"ALF¬NDEGA DA RFB EM SANTANA DO LIVRAMENTO/RS";"00000000000032015";"SALDO CREDOR DO ENCONTRO DE CONTAS DO VALOR DO REAJUSTAMENTO DO CONTRATO APOS RECURSO (R$ 24.963,98) MAIS O VALOR DOS ENCARGOS MORATORIOS SOBRE PARCELAS PAGAS EM ATRASO (R$ 348,49), MENOS O VALOR DO MULTA APLICADA A CONTRATAD                A POR ATRASO NO ANDAMENTO E ENTREGA DA OBRA (R$ 21.665,07).";"3657,40";"03/06/2015";"Encerrado"
"172013";"25000";"MINISTERIO DA ECONOMIA";"25000";"MINISTERIO DA ECONOMIA";"170195";"SUPERINTEND NCIA DE ADMINISTRA«√O DO MF - GO";"00000000000012015";"REPACTUA«√O AO ACT 2015/2016.";"3110,60";"24/11/2015";"Encerrado"
"172013";"25000";"MINISTERIO DA ECONOMIA";"25000";"MINISTERIO DA ECONOMIA";"170195";"SUPERINTEND NCIA DE ADMINISTRA«√O DO MF - GO";"00000000000012014";"INFORMAR CR…DITO PARA O EXERCÕCIO DE 2014: PTRES 059030, FONTE 0100000000,                              ND 339039, UGR 170364, PI A3010, PARA CGU/TO.";"0,00";"02/01/2014";"Encerrado"
"182013";"25000";"MINISTERIO DA ECONOMIA";"25000";"MINISTERIO DA ECONOMIA";"170195";"SUPERINTEND NCIA DE ADMINISTRA«√O DO MF - GO";"00000000000012014";"INFORMAR CR…DITO PARA O EXERCÕCIO DE 2014: PTRES 064330, FONTE 0133000000,                        ND 339039, UGR 000000, PI 0000000E005, PARA SPU/TO.";"0,00";"02/01/2014";"Encerrado"
"182013";"25000";"MINISTERIO DA ECONOMIA";"25000";"MINISTERIO DA ECONOMIA";"170195";"SUPERINTEND NCIA DE ADMINISTRA«√O DO MF - GO";"00000000000012015";"REPACTUA«√O AOS VALORES DO ACT 2015/2016.";"3110,60";"24/11/2015";"Encerrado"
"202013";"25000";"MINISTERIO DA ECONOMIA";"25000";"MINISTERIO DA ECONOMIA";"170195";"SUPERINTEND NCIA DE ADMINISTRA«√O DO MF - GO";"00000000000012018";"Informar crÈdito para o exercÌcio de 2018.";"384000,00";"05/02/2018";"Encerrado"
"202013";"25000";"MINISTERIO DA ECONOMIA";"25000";"MINISTERIO DA ECONOMIA";"170195";"SUPERINTEND NCIA DE ADMINISTRA«√O DO MF - GO";"00000000000012015";"Prorrogar o contrato pr mais doze meses a partir de 11/10/2015.";"159468,00";"29/01/2015";"Encerrado"
"202013";"25000";"MINISTERIO DA ECONOMIA";"25000";"MINISTERIO DA ECONOMIA";"170195";"SUPERINTEND NCIA DE ADMINISTRA«√O DO MF - GO";"00000000000022014";"APOSTILAR OS VALORES PARA A VIGÍNCIA 11/10/2014 A 10/10/2015.";"159468,00";"24/09/2014";"Encerrado"
"202013";"25000";"MINISTERIO DA ECONOMIA";"25000";"MINISTERIO DA ECONOMIA";"170195";"SUPERINTEND NCIA DE ADMINISTRA«√O DO MF - GO";"00000000000022016";"COMPLEMENTAR OS VALORES PARA O EXERCÌCIO DE 2016, CONFORME ON AGU N∫ 35, DE                                  13/12/2011 E ON AGU N∫ 36, DE 13/12/2011.";"224532,00";"18/07/2016";"Encerrado"
"202013";"25000";"MINISTERIO DA ECONOMIA";"25000";"MINISTERIO DA ECONOMIA";"170195";"SUPERINTEND NCIA DE ADMINISTRA«√O DO MF - GO";"00000000000012017";"INFORMAR RECURSOS PARA O EXERCÕCIO DE 2017, PARA A PFN/GO.";"384000,00";"23/03/2017";"Encerrado"
"202013";"25000";"MINISTERIO DA ECONOMIA";"25000";"MINISTERIO DA ECONOMIA";"170195";"SUPERINTEND NCIA DE ADMINISTRA«√O DO MF - GO";"00000000000012014";"INFORMAR CR…DITO PARA O EXERCÕCIO DE 2014: PTRES 076625, FONTE 0157000000,                           ND 339039, UGR 170008, PI PGLUZ2000 PARA PFN/GO.";"0,00";"02/01/2014";"Encerrado"
"202013";"25000";"MINISTERIO DA ECONOMIA";"25000";"MINISTERIO DA ECONOMIA";"170195";"SUPERINTEND NCIA DE ADMINISTRA«√O DO MF - GO";"00000000000012016";"APOSTILAR O CONTRATO POR MAIS 12 MESES, CONFORME EMPENHO INFORMADO E ORIENT                               AÁ„O NORMATIVA AGU N∫ 35 E 36 DE 13/12/2011.";"159468,00";"06/04/2016";"Encerrado"
"222013";"25000";"MINISTERIO DA ECONOMIA";"25000";"MINISTERIO DA ECONOMIA";"170195";"SUPERINTEND NCIA DE ADMINISTRA«√O DO MF - GO";"00000000000012014";"INFORMAR CR…DITO PARA O EXERCÕCIO DE 2014: PTRES 059030, FONTE 0100000000,                              ND 339033, UGR 170200, PI A3010, PARA CGU/GO.";"0,00";"02/01/2014";"Encerrado"
"22013";"25000";"MINISTERIO DA ECONOMIA";"25000";"MINISTERIO DA ECONOMIA";"170263";"DELEGACIA DA RECEITA FED.EM ST™ CRUZ DO SUL";"00000000000032016";"REAJUSTE DO PREÁO MENSAL CONFORME CL·USULA NONA DO CONTRATO N. 02/2013 DE R$ 2.016,40 PARA R$ 2.201,00 E DA CÛPIA EXCEDENTE DE R$ 0,1171 PARA 0,1278 A                                                 PARTIR DE OUTUBRO DE 2016.";"2215,20";"23/11/2016";"Encerrado"
"22013";"25000";"MINISTERIO DA ECONOMIA";"25000";"MINISTERIO DA ECONOMIA";"170263";"DELEGACIA DA RECEITA FED.EM ST™ CRUZ DO SUL";"000000000002/2014";"REAJUSTE ANUAL DO VALOR MENSAL DO CONTRATO, DE ACORDO COM A CL·USULA NONA DO MESMO, DE R$ 2.065,56 PARA R$ 2.201,64 (DOIS MIL, DUZENTOS E UM REAIS ESESSENTA E QUATRO CENTAVOS) E REAJUSTE DO VALOR DA CÛPIA EXCEDENTE A 15.000                                 CÛPIAS MENSAIS, DE R$ 0,10 PARA R$ 0,1066.";"4898,80";"05/11/2014";"Encerrado"
"22013";"25000";"MINISTERIO DA ECONOMIA";"25000";"MINISTERIO DA ECONOMIA";"170263";"DELEGACIA DA RECEITA FED.EM ST™ CRUZ DO SUL";"00000000000022015";"Reajuste mensal contratual, conforme Cl·usula Nona do Contrato n∫ 02/2013,             de R$ 2.201,64 para R$ 2.419,68, a partir de setembro de 2015.";"5232,90";"16/11/2015";"Encerrado"
"22013";"25000";"MINISTERIO DA ECONOMIA";"25000";"MINISTERIO DA ECONOMIA";"170263";"DELEGACIA DA RECEITA FED.EM ST™ CRUZ DO SUL";"00000000000022016";"INCLUS„O NO CLAUSULAMENTO CONTRATUAL, DE DADOS RELATIVOS ‡ NOTA DE EMPENHO2016NE800102, EMITIDA EM 22/04/2016, PARA PARCIALMENTE FAZER FACE ‡S DESPES        AS INERENTES ‡ EXECUÁ„O CONTRATUAL NO EXERCÌCIO FINANCEIRO DE 2016.";"0,00";"31/05/2016";"Encerrado"
"22013";"25000";"MINISTERIO DA ECONOMIA";"25000";"MINISTERIO DA ECONOMIA";"170263";"DELEGACIA DA RECEITA FED.EM ST™ CRUZ DO SUL";"000000000001/2014";"INCLUS„O, NO CLAUSULAMENTO CONTRATUAL, DE DADOS RELATIVOS ‡ NOTA DE EMPENHO 2014NE800016, EMITIDA EM 22/01/2014, NO VALOR DE R$ 10,00 (DEZ REAIS), ‡ CONTA DA DOTAÁ„O ORÁAMENT·RIA 25.103, CATEGOARIA ECONÙMICA 3390.39 - PJ, PRO GRAMA DE TRABALHO 04.122.2110.2000.0001, GEST„O LOCMOVEIS, EXERCÌCIO 2014,PARA PARCIALMENTE FAZER FACE ‡S DESPESAS INERENTES ‡ EXECUÁ„O CONTRATUAL NO";"0,00";"14/05/2014";"Encerrado"
"22013";"25000";"MINISTERIO DA ECONOMIA";"25000";"MINISTERIO DA ECONOMIA";"170386";"DELEGACIA DA RECEITA FED. DO BRASIL EM MACAE";"00000000000012014";"Apostilamento referente ‡ repactuaÁ„o baseada na CCT - Seac 2014-2015.";"13254,20";"30/07/2014";"Encerrado"
"22013";"25000";"MINISTERIO DA ECONOMIA";"25000";"MINISTERIO DA ECONOMIA";"170386";"DELEGACIA DA RECEITA FED. DO BRASIL EM MACAE";"000000000004/2015";"RepactuaÁ„o de valores baseada na CCT - Seac 2015/2016.";"10544,10";"22/09/2015";"Encerrado"
"232013";"25000";"MINISTERIO DA ECONOMIA";"25000";"MINISTERIO DA ECONOMIA";"170531";"SUPERINTEND NCIA DE ADMINISTRA«√O DO MF - DF";"000000000001/2017";"TEM POR FINALIDADE DE INDICAR A DOTAÁ„O ORÁAMENT·RIA QUE IR· CUSTEAR AS DES                                    PESAS DO CONTRATO NO EXERCÌCIO DE 2017.";"0,00";"12/05/2017";"Encerrado"
"242013";"25000";"MINISTERIO DA ECONOMIA";"25000";"MINISTERIO DA ECONOMIA";"170531";"SUPERINTEND NCIA DE ADMINISTRA«√O DO MF - DF";"000000000004/2018";"Tem por finalidade de indicar a dotaÁ„o orÁament·ria que ir· custear as des      epsas do contrato no exercÌcio de 2018. Outro empenho: 2018 - 800571.";"0,00";"28/03/2018";"Encerrado"
"242013";"25000";"MINISTERIO DA ECONOMIA";"25000";"MINISTERIO DA ECONOMIA";"170531";"SUPERINTEND NCIA DE ADMINISTRA«√O DO MF - DF";"000000000003/2017";"TEM POR FINALIDADE DE INDICAR A DOTAÁ„O ORÁAMENT·RIA QUE IR· CUSTEAR AS DES                                    PESAS DO CONTRATO NO EXERCÌCIO DE 2017.";"0,00";"09/02/2017";"Encerrado"
"242013";"25000";"MINISTERIO DA ECONOMIA";"25000";"MINISTERIO DA ECONOMIA";"170531";"SUPERINTEND NCIA DE ADMINISTRA«√O DO MF - DF";"000000000002/2016";"TEM POR FINALIDADE DE INDICAR A DOTAÁ„O ORÁAMENT·RIA QUE IR· CUSTEAR AS DESPESAS DO CONTRATO NO EXERCÌCIO DE 2016. OUTROS EMPENHOS: 2016NE800059 - 201                                                                6/NE800063.";"0,00";"29/01/2016";"Encerrado"
"242013";"25000";"MINISTERIO DA ECONOMIA";"25000";"MINISTERIO DA ECONOMIA";"170531";"SUPERINTEND NCIA DE ADMINISTRA«√O DO MF - DF";"00000000000000003";"TEM POR FINALIDADE DE INDICAR A DOTAÁ„O ORÁAMENT·RIA QUE IR· CUSTEAR AS DES                 PESAS DO CONTRATO NO EXERCÌCIO DE 2017. OUTRA N.E.: 80006.";"0,00";"09/02/2017";"Encerrado"
"262013";"25000";"MINISTERIO DA ECONOMIA";"25000";"MINISTERIO DA ECONOMIA";"170531";"SUPERINTEND NCIA DE ADMINISTRA«√O DO MF - DF";"00000000000000001";"INDICAR A DOTAÁ„O ORÁAMENT·RIA PARA O CORRENTE EXERCÌCIO: OUTRO EMPENHO: 80                                                                       2450";"0,00";"19/10/2015";"Encerrado"
"262013";"25000";"MINISTERIO DA ECONOMIA";"25000";"MINISTERIO DA ECONOMIA";"170531";"SUPERINTEND NCIA DE ADMINISTRA«√O DO MF - DF";"000000000002/2016";"TEM POR FINALIDADE DE INDICAR A DOTAÁ„O ORÁAMENT·RIA QUE IR· CUSTEAR AS DES              PESAS DO CONTRATO NO EXERCÌCIO DE 2016. OUTRO EMPENHO: 800750";"0,00";"07/04/2016";"Encerrado"
"262013";"25000";"MINISTERIO DA ECONOMIA";"25000";"MINISTERIO DA ECONOMIA";"170531";"SUPERINTEND NCIA DE ADMINISTRA«√O DO MF - DF";"000000000004/2018";"TEM POR FINALIDADE DE INDICAR A DOTAÁ„O ORÁAMENT·RIA QUE IR· CUSTEAR AS DES                                    PESAS DO CONTRATO NO EXERCÌCIO DE 2018.";"0,00";"24/05/2018";"Encerrado"
"262013";"25000";"MINISTERIO DA ECONOMIA";"25000";"MINISTERIO DA ECONOMIA";"170531";"SUPERINTEND NCIA DE ADMINISTRA«√O DO MF - DF";"00000000000000004";"TEM POR FINALIDADE DE INDICAR A DOTAÁ„O ORÁAMENT·RIA QUE IR· CUSTEAR AS DES                                    PESAS DO CONTRATO NO EXERCÌCIO DE 2018.";"0,00";"24/05/2018";"Encerrado"
"262013";"25000";"MINISTERIO DA ECONOMIA";"25000";"MINISTERIO DA ECONOMIA";"170531";"SUPERINTEND NCIA DE ADMINISTRA«√O DO MF - DF";"000000000003/2017";"Tem por finalidade de indicar a dotaÁ„o orÁament·ria para o exercÌcio de 20                                                  17. Outro empenho: 800847";"0,00";"28/04/2017";"Encerrado"
"412013";"20113";"MINISTERIO DO PLANEJAMENTO,DESENV. E GEST√O";"25205";"FUND.INST.BRASILEIRO DE GEOG.E ESTATISTICA";"114601";"IBGE-FUN.INST.BRAS.GEOGRAFIA E ESTATISTICA";"00000000000000001";"DECORRENTE DO REAJUSTE DOS SAL·RIOS, VALE TRANSPORTE E DO VALE ALIMENTAÁ„O                            DA CATEGORIA DE MOTORISTA DA EMPRESA CONTRATADA";"147387,80";"26/04/2016";"Encerrado"
"412013";"20113";"MINISTERIO DO PLANEJAMENTO,DESENV. E GEST√O";"25205";"FUND.INST.BRASILEIRO DE GEOG.E ESTATISTICA";"114601";"IBGE-FUN.INST.BRAS.GEOGRAFIA E ESTATISTICA";"000000000002-2017";"REAJUSTE DOS SAL·RIOS, DO VALE ALIMENTAÁ„O E DA DI·RIA CONFORME CONVENÁ„O C                                                     OLETIVA DOS MOTORISTAS";"84791,80";"06/09/2017";"Encerrado"
"302013";"20113";"MINISTERIO DO PLANEJAMENTO,DESENV. E GEST√O";"25205";"FUND.INST.BRASILEIRO DE GEOG.E ESTATISTICA";"114618";"UNIDADE ESTADUAL DO IBGE EM MINAS GERAIS";"000000000001/2014";"Despesa referenteao perÌodo de 03/10/2014 a 03/10/2015. Contrato vigendo po                                                     r prazo indeterminado.";"660,00";"02/10/2014";"Efetivado"
"312013";"20113";"MINISTERIO DO PLANEJAMENTO,DESENV. E GEST√O";"25205";"FUND.INST.BRASILEIRO DE GEOG.E ESTATISTICA";"114618";"UNIDADE ESTADUAL DO IBGE EM MINAS GERAIS";"000000000001/2014";"REAJUSTE DO VALOR DO ALUGUEL, PREVISTO EM CONTRATO.";"951,70";"28/11/2014";"Encerrado"
"312013";"20113";"MINISTERIO DO PLANEJAMENTO,DESENV. E GEST√O";"25205";"FUND.INST.BRASILEIRO DE GEOG.E ESTATISTICA";"114618";"UNIDADE ESTADUAL DO IBGE EM MINAS GERAIS";"000000000228/2017";"Valor referente ao reajuste lanÁado nesta data para regularizaÁ„o  do crono                                                                      grama";"1647,90";"13/09/2017";"Encerrado"
"312013";"20113";"MINISTERIO DO PLANEJAMENTO,DESENV. E GEST√O";"25205";"FUND.INST.BRASILEIRO DE GEOG.E ESTATISTICA";"114618";"UNIDADE ESTADUAL DO IBGE EM MINAS GERAIS";"00000000000012017";"CORREÁ„O DO VALOR MENSAL DE ALUGUEL, SEGUNDO O INPC.";"290,20";"07/12/2017";"Encerrado"
"322013";"20113";"MINISTERIO DO PLANEJAMENTO,DESENV. E GEST√O";"25205";"FUND.INST.BRASILEIRO DE GEOG.E ESTATISTICA";"114618";"UNIDADE ESTADUAL DO IBGE EM MINAS GERAIS";"000000000001/2014";"Reajuste do valor do aluguel, previsto em contrato.";"1522,60";"28/11/2014";"Encerrado"
"322013";"20113";"MINISTERIO DO PLANEJAMENTO,DESENV. E GEST√O";"25205";"FUND.INST.BRASILEIRO DE GEOG.E ESTATISTICA";"114618";"UNIDADE ESTADUAL DO IBGE EM MINAS GERAIS";"000000000001/2017";"REAJUSTE NO VALOR DO ALUGUEL REGISTRADO NESTA DATA DEVIDO A ATUALIZA«√O DO                                                                CRONOGRAMA.";"2636,70";"13/09/2017";"Encerrado"
"162013";"20113";"MINISTERIO DO PLANEJAMENTO,DESENV. E GEST√O";"25205";"FUND.INST.BRASILEIRO DE GEOG.E ESTATISTICA";"114625";"UNIDADE ESTADUAL DO IBGE NO RIO GRANDE DO SUL";"00000000000432015";"CORREÁ„O PELO INPC CONFORME PACTUADO EM CONTRATO";"988,50";"23/10/2015";"Encerrado"
"19392013";"25000";"MINISTERIO DA ECONOMIA";"25208";"SUPERINTENDENCIA DE SEGUROS PRIVADOS";"173039";"MF-SUSEP-SUPERINT.DE SEGUROS PRIVADOS/RJ";"000000000001/2017";"Reajuste pelo IPC-A";"80,20";"30/10/2017";"Encerrado"
"19392013";"25000";"MINISTERIO DA ECONOMIA";"25208";"SUPERINTENDENCIA DE SEGUROS PRIVADOS";"173039";"MF-SUSEP-SUPERINT.DE SEGUROS PRIVADOS/RJ";"000000000001/2016";"Reajuste pelo IPC-A.";"269,20";"13/10/2016";"Encerrado"
"19392013";"25000";"MINISTERIO DA ECONOMIA";"25208";"SUPERINTENDENCIA DE SEGUROS PRIVADOS";"173039";"MF-SUSEP-SUPERINT.DE SEGUROS PRIVADOS/RJ";"00000000000000001";"REAJUSTE DO VALOR MENSAL DO CONTRATO.";"328,60";"30/11/2015";"Encerrado"
"462013";"26000";"MINISTERIO DA EDUCACAO";"26000";"MINISTERIO DA EDUCACAO";"158565";"UNIV.DA INTEG.INTERN.DA LUSOF.AFRO-BRASILEIRA";"00000000000000002";"REPACTUAÁ„O.";"1968,60";"09/12/2015";"Encerrado"
"462013";"26000";"MINISTERIO DA EDUCACAO";"26000";"MINISTERIO DA EDUCACAO";"158565";"UNIV.DA INTEG.INTERN.DA LUSOF.AFRO-BRASILEIRA";"00000000000000001";"REPACTUAÁ„O DOS VALORES ACORDADOS NO CONTRATO 46/2013 RELATIVO ‡ PRESTAÁ„O                                       DE SERVIÁOS DE APOIO ADMINISTRATIVO.";"30993,70";"18/03/2015";"Encerrado"
"122013";"26000";"MINISTERIO DA EDUCACAO";"26201";"COLEGIO PEDRO II";"153167";"COLEGIO PEDRO II/REITORIA";"01/2015-TC12/2013";"Concess„o da repactuaÁ„o sobre o valor de contrataÁ„o de empresa para pretsaÁ„o de serviÁo continuado com dedicaÁ„o exclusiva de m„o-de-obra de auxiliar de enfermagem, conforme condiÁıes, quantidades e exigÍncias estabelecida s no edital, TR e proposta da contratada, que os integram. aut. fls.33, doproc: 23040.003449/201-62. Funda legal: art 37 e 40 da IN SLTI MP 02 de 30/";"27518,00";"02/02/2015";"Encerrado"
"342013";"26000";"MINISTERIO DA EDUCACAO";"26238";"UNIVERSIDADE FEDERAL DE MINAS GERAIS";"153254";"ADMINISTRACAO GERAL/UFMG";"00000000000000002";"Repactuacao referente alteraÁ„o aliquota iss e resjuste vale transporte.";"16745,00";"12/06/2014";"Encerrado"
"342013";"26000";"MINISTERIO DA EDUCACAO";"26238";"UNIVERSIDADE FEDERAL DE MINAS GERAIS";"153254";"ADMINISTRACAO GERAL/UFMG";"00000000000000001";"REPACTUACAO REFERENTE CONVENCAO COLETIVA 2014.";"85048,00";"19/02/2014";"Encerrado"
"442013";"26000";"MINISTERIO DA EDUCACAO";"26238";"UNIVERSIDADE FEDERAL DE MINAS GERAIS";"153254";"ADMINISTRACAO GERAL/UFMG";"00000000000000003";"Repactuacao referente reajuste de tarifa transporte.";"1331,70";"28/07/2014";"Encerrado"
"442013";"26000";"MINISTERIO DA EDUCACAO";"26238";"UNIVERSIDADE FEDERAL DE MINAS GERAIS";"153254";"ADMINISTRACAO GERAL/UFMG";"00000000000000002";"Repactuacao anual referente ConvenÁ„o Coletiva 2014";"14141,50";"19/05/2014";"Encerrado"
"442013";"26000";"MINISTERIO DA EDUCACAO";"26238";"UNIVERSIDADE FEDERAL DE MINAS GERAIS";"153254";"ADMINISTRACAO GERAL/UFMG";"00000000000000005";"REPACTUAÁ„O ANUAL CONFORME CONVENÁ„O COLETIVA 2016.";"35169,60";"07/03/2016";"Encerrado"
"442013";"26000";"MINISTERIO DA EDUCACAO";"26238";"UNIVERSIDADE FEDERAL DE MINAS GERAIS";"153254";"ADMINISTRACAO GERAL/UFMG";"00000000000000004";"REPACTUACAO ANUAL CONFORME CONVENÁ„O COLETIVA 2015.";"22926,60";"18/05/2015";"Encerrado"
"442013";"26000";"MINISTERIO DA EDUCACAO";"26238";"UNIVERSIDADE FEDERAL DE MINAS GERAIS";"153254";"ADMINISTRACAO GERAL/UFMG";"00000000000000006";"REPACTUACAO ANUAL CONFORME CONVENCAO COLETIVA 2017.";"26081,20";"17/01/2017";"Encerrado"
"442013";"26000";"MINISTERIO DA EDUCACAO";"26238";"UNIVERSIDADE FEDERAL DE MINAS GERAIS";"153254";"ADMINISTRACAO GERAL/UFMG";"00000000000000007";"REPACTUACAO ANUAL CONFORME CONVENCAO COLETIVA 2018";"16803,50";"14/05/2018";"Encerrado"
"442013";"26000";"MINISTERIO DA EDUCACAO";"26238";"UNIVERSIDADE FEDERAL DE MINAS GERAIS";"153254";"ADMINISTRACAO GERAL/UFMG";"00000000000000001";"REPACTUACAO ANUAL.";"35960,10";"28/01/2014";"Encerrado"
"452013";"26000";"MINISTERIO DA EDUCACAO";"26238";"UNIVERSIDADE FEDERAL DE MINAS GERAIS";"153254";"ADMINISTRACAO GERAL/UFMG";"00000000000000006";"REPACTUACAO ANUAL CONFORME CONVENCAO COLETIVA 2018.";"9089,70";"19/03/2018";"Encerrado"
"452013";"26000";"MINISTERIO DA EDUCACAO";"26238";"UNIVERSIDADE FEDERAL DE MINAS GERAIS";"153254";"ADMINISTRACAO GERAL/UFMG";"00000000000000003";"RepactuaÁ„o anual conforme convencao coletiva 2015";"18680,70";"18/05/2015";"Encerrado"
"452013";"26000";"MINISTERIO DA EDUCACAO";"26238";"UNIVERSIDADE FEDERAL DE MINAS GERAIS";"153254";"ADMINISTRACAO GERAL/UFMG";"00000000000000001";"Repactuacao referente ConvenÁ„o Coletiva 2014.";"13924,50";"19/02/2014";"Encerrado"
"452013";"26000";"MINISTERIO DA EDUCACAO";"26238";"UNIVERSIDADE FEDERAL DE MINAS GERAIS";"153254";"ADMINISTRACAO GERAL/UFMG";"00000000000000005";"REPACTUACAO ANUAL CONFORME CONVENCAO COLETIVA DE 2017.";"15355,10";"01/02/2017";"Encerrado"
"452013";"26000";"MINISTERIO DA EDUCACAO";"26238";"UNIVERSIDADE FEDERAL DE MINAS GERAIS";"153254";"ADMINISTRACAO GERAL/UFMG";"00000000000000002";"Repactuacao referente alteraÁ„o aliquota iss e resjuste vale transporte.";"3702,30";"12/06/2014";"Encerrado"
"452013";"26000";"MINISTERIO DA EDUCACAO";"26238";"UNIVERSIDADE FEDERAL DE MINAS GERAIS";"153254";"ADMINISTRACAO GERAL/UFMG";"00000000000000004";"REPACTUACAO ANUAL CONFORME CONVENÁ„O COLETIVA 2016.";"20375,50";"11/02/2016";"Encerrado"
"462013";"26000";"MINISTERIO DA EDUCACAO";"26238";"UNIVERSIDADE FEDERAL DE MINAS GERAIS";"153254";"ADMINISTRACAO GERAL/UFMG";"00000000000000002";"REPACTUAÁ„O CONTRATUAL CCT 2015.";"66775,20";"02/03/2015";"Encerrado"
"462013";"26000";"MINISTERIO DA EDUCACAO";"26238";"UNIVERSIDADE FEDERAL DE MINAS GERAIS";"153254";"ADMINISTRACAO GERAL/UFMG";"00000000000000003";"REPACTUAÁ„O ANUAL CONFORME CONVENÁ„O COLETIVA DE TRABALHO DE 2016.";"114163,00";"12/04/2016";"Encerrado"
"462013";"26000";"MINISTERIO DA EDUCACAO";"26238";"UNIVERSIDADE FEDERAL DE MINAS GERAIS";"153254";"ADMINISTRACAO GERAL/UFMG";"00000000000000001";"REPACTUAÁ„O ANUAL CONFORME CONVENÁ„O COLETIVA 2014.";"95085,60";"16/04/2014";"Encerrado"
"462013";"26000";"MINISTERIO DA EDUCACAO";"26238";"UNIVERSIDADE FEDERAL DE MINAS GERAIS";"153254";"ADMINISTRACAO GERAL/UFMG";"00000000000000004";"REPACTUACAO ANUAL CONFORME CONVENCAO COLETIVA DE 2017.";"88095,40";"08/05/2017";"Encerrado"
"2742013";"26000";"MINISTERIO DA EDUCACAO";"26262";"UNIVERSIDADE FEDERAL DE SAO PAULO";"153031";"MEC-UNIVERSIDADE FEDERAL DE SAO PAULO/SP";"00000000000012014";"O presente Apostilamento È baseado no Art. 65, . 8∫ da Lei n.∫ 8.666/93 e Cl·usula DÈcima Sexta do Contrato n.∫ 274/2013 e tem por objetivo o reajustede preÁos em vistas a ConvenÁ„o Coletiva de Trabalho 2014/2014 - SIEMACO, a        nexado ‡s folhas 470 a 479 do Volume III do processo em referÍncia.";"7277,80";"06/11/2014";"Encerrado"
"142013";"26000";"MINISTERIO DA EDUCACAO";"26267";"UNIVERSIDADE FED DA INTEGR LATINO-AMERICANA";"158658";"UNIVERSIDADE FED. DA INTEGR. LATINO-AMERICANA";"000000000001/2015";"Concess„o de reajuste ao valor contratual pelo IGP-M, 3,54%, bem como adequaÁ„o do valor global do contrato, lanÁado equivocadamente quando do cadastr                                                    o do contrato no SICON.";"1796471,10";"06/01/2015";"Encerrado"
"142013";"26000";"MINISTERIO DA EDUCACAO";"26267";"UNIVERSIDADE FED DA INTEGR LATINO-AMERICANA";"158658";"UNIVERSIDADE FED. DA INTEGR. LATINO-AMERICANA";"000000000007/2015";"REAJUSTE DO CONTRATO PELO IGP-M. ALUGUEL DE R$ 86.973,20 P/ R$ 93.983,67COM IMPACTO MENSAL DE R$ 7.010,07 X 6 MESES DE VIGÍNCIA RESTANTE: R$ 42.060,42; CONDOMÌNIO DE R$ 12.830,35 P/ 16.037,94, COM  IMPACTO MENSAL DE R$ 3.2                        07,59 X 6 MESES DE VIGÍNCIA RESTANTE: R$ 19.245,54.";"61305,90";"18/12/2015";"Encerrado"
"952013";"26000";"MINISTERIO DA EDUCACAO";"26280";"FUNDACAO UNIVERSIDADE FEDERAL DE SAO CARLOS";"154049";"FUNDACAO UNIVERSIDADE FEDERAL DE SAO CARLOS";"000000000001/2015";"REAJUSTE ANUAL DOS VALORES CONTRATADOS PELO IGP-M CF. CLAUSULA 7™ DO CONTRA                                                                         TO";"73308,60";"27/04/2015";"Encerrado"
"982013";"26000";"MINISTERIO DA EDUCACAO";"26280";"FUNDACAO UNIVERSIDADE FEDERAL DE SAO CARLOS";"154049";"FUNDACAO UNIVERSIDADE FEDERAL DE SAO CARLOS";"00000000000000003";"Reajuste de preÁo conforme cl·usua contratual.";"1109,60";"05/12/2016";"Encerrado"
"982013";"26000";"MINISTERIO DA EDUCACAO";"26280";"FUNDACAO UNIVERSIDADE FEDERAL DE SAO CARLOS";"154049";"FUNDACAO UNIVERSIDADE FEDERAL DE SAO CARLOS";"0000000000000002∫";"REAJUSTE DE VALOR DE PARCELA CONFORME PREVE CL·USULA 03  DO CONTRATO 98/2013, DE ACORDO COM O IPC-A, PARA O PERÌODO DE OUTUBRO DE 2014 A OUTUBRO DE 20                                      15 - OFICIO 024/2015 - SEACE/DECE-SOR";"2544,00";"30/11/2015";"Encerrado"
"982013";"26000";"MINISTERIO DA EDUCACAO";"26280";"FUNDACAO UNIVERSIDADE FEDERAL DE SAO CARLOS";"154049";"FUNDACAO UNIVERSIDADE FEDERAL DE SAO CARLOS";"000000000001/2015";"REAJUSTE DO ALUGUEL CF. IPCA  DE OUTUBRO/2014 - 6,75%";"1620,00";"12/01/2015";"Encerrado"
"2002013";"26000";"MINISTERIO DA EDUCACAO";"26282";"UNIVERSIDADE FEDERAL DE VICOSA";"154051";"UNIVERSIDADE FEDERAL DE VICOSA";"0000PRIMEIRO/2018";"REPACTUAÁ„O DE PREÁOS EM RAZ„O DA CCT2018/2018.";"2299,70";"18/05/2018";"Encerrado"
"892013";"26000";"MINISTERIO DA EDUCACAO";"26404";"INST.FED.DE EDUC.,CIENC.E TEC.BAIANO";"158129";"INST.FED.DE EDUC., CIENC. E TEC. BAIANO";"000000000002/2013";"RepactuaÁ„o de preÁos do posto de motorista conforme convenÁ„o coletiva 201                                                       6 - STTROBA e SETPS.";"42727,60";"28/12/2015";"Encerrado"
"892013";"26000";"MINISTERIO DA EDUCACAO";"26404";"INST.FED.DE EDUC.,CIENC.E TEC.BAIANO";"158129";"INST.FED.DE EDUC., CIENC. E TEC. BAIANO";"000000000001/2013";"REPACTUAÁ„O DOS PREÁOS DO CONTRATO N∫ 89/2013 CONFORME CONVENÁ„O COLETIVA                  DE TRABALHO SINTRA/SINFRETE/SINTROBA/SEAC/SINDILIMP/2014.";"172549,00";"18/12/2014";"Encerrado"
"292013";"26000";"MINISTERIO DA EDUCACAO";"26404";"INST.FED.DE EDUC.,CIENC.E TEC.BAIANO";"158443";"INST.FED.DE ED.,CIENC.E TEC.BAIANO/C.CATU";"000000000003/2016";"RepactuaÁ„o de preÁos concedida com base na ConvenÁ„o Coletiva de trabalho   2016, conforme prevÍ a Cl·usula Quinta, par·grafo 4∫ do contrato 29/2013";"42359,50";"13/06/2016";"Encerrado"
"292013";"26000";"MINISTERIO DA EDUCACAO";"26404";"INST.FED.DE EDUC.,CIENC.E TEC.BAIANO";"158443";"INST.FED.DE ED.,CIENC.E TEC.BAIANO/C.CATU";"00000000000000002";"REPACTUACAO DE PRECOS CONCEDIDA COM BASE NA CONVENCAO COLETIVA DE TRABALHO                    2015, CLAUSULA QUINTA, PARAGRAFO 4 DO CONTRATO 29/2013.";"41663,80";"14/07/2015";"Encerrado"
"292013";"26000";"MINISTERIO DA EDUCACAO";"26404";"INST.FED.DE EDUC.,CIENC.E TEC.BAIANO";"158443";"INST.FED.DE ED.,CIENC.E TEC.BAIANO/C.CATU";"000000000001/2014";"REPACTUAÁ„O DE PREÁOS CONCEDIDA COM BASE NA CONVENÁ„O COLETIVA DE TRABALHO            2014, CONFORME PREVÍ A CL·USULA QUINTA,. 4 DO CONTRATO 29/2013.";"31452,40";"14/05/2014";"Encerrado"
"82013";"26000";"MINISTERIO DA EDUCACAO";"26406";"INST.FED.DE EDUC.,CIENC.E TEC. DO ESP.SANTO";"158424";"IFES - CAMPUS ITAPINA";"000000000003/2016";"REPACTUAÁ„O DOS VALORES CONTRATADOS COM BASE NA CONVENÁ„O COLETIVA DE TRABALHO 2016/2016 DO SINDILIMPE E NA CONVENÁ„O COLETIVA DE TRABALHO 2016/2017 D                                                              O SINDIBARES.";"31873,20";"24/08/2016";"Encerrado"
"82013";"26000";"MINISTERIO DA EDUCACAO";"26406";"INST.FED.DE EDUC.,CIENC.E TEC. DO ESP.SANTO";"158424";"IFES - CAMPUS ITAPINA";"000000000004/2017";"REPACTUACAO DO VALOR MENSAL DO CONTRATO N∫ 08/2013 DECORRENTE DA REMUNERACAO, ENCARGOS SOCIAIS, INSUMOS E TRIBUTOS ELEVADOS POR DELIBERACAO DA CONVENC            AO COLETIVA DE TRABALHO 2017/2018 DO SINDILIMPE E DO SINDBARES.";"23279,40";"25/07/2017";"Encerrado"
"82013";"26000";"MINISTERIO DA EDUCACAO";"26406";"INST.FED.DE EDUC.,CIENC.E TEC. DO ESP.SANTO";"158424";"IFES - CAMPUS ITAPINA";"000000000002/2015";"RepactuaÁ„o do valor mensal do contrato 08/2013 decorrente da elevaÁ„o da remuneraÁ„o, encargos sociais, insumos e tributos elevados por deliberaÁ„o das ConvenÁıes Coletivas de Trabalho do SINDILIMPE e SINDIBARES com registro                   no MTE n∫ ES000185/2015 e ES000846/2015 respectivamente.";"28717,10";"27/08/2015";"Encerrado"
"82013";"26000";"MINISTERIO DA EDUCACAO";"26406";"INST.FED.DE EDUC.,CIENC.E TEC. DO ESP.SANTO";"158424";"IFES - CAMPUS ITAPINA";"00000000000000001";"REPACTUA«√O DO VALOR MENSAL DO CONTRATO NR.008/2013 DECORRENTE DA ELEVA«√ODA REMUNERA«√O, ENCARGOS SOCIAIS, INSUMOS E TRIBUTOS ELEVADOS POR DELIBERA-«√O DAS CONVENC’ES COLETIVAS DE TRABALHO DO SINDILIMPE E SINDIBARES COM RE-          GISTRO NO MTE NRS. ES000147/2014 E ES000119/2014 RESPECTIVAMENTE.";"57381,10";"23/10/2014";"Encerrado"
"1662013";"26000";"MINISTERIO DA EDUCACAO";"26409";"INST.FED.DE EDUC.,CIENC.E TEC.DE MINAS GERAIS";"158122";"INST.FED.DE EDUC.,CIENCIA E TECNOLOGIA DE MG";"0000000000000003∫";"Reajuste com base no IGP-M de outubro de 2015 a outubro de 2016, a vigorar                                                    a partir de 16/12/2016.";"4746,60";"13/12/2016";"Encerrado"
"402013";"26000";"MINISTERIO DA EDUCACAO";"26410";"INST.FED.DE EDUC., CIENC.E TEC.DO NORTE DE MG";"158378";"INST.F.ED.,CIENC.E TEC.DO NORT DE MG/C.JANU¡R";"00000000000012014";"REPACTUA«√O DOS PRE«OS DOS SERVI«OS DE LIMPEZA, JARDINAGEM E MANUTEN«√O PRE                                             DIAL (PEDREIRO E ELETRICISTA).";"27952,00";"22/08/2014";"Encerrado"
"92013";"26000";"MINISTERIO DA EDUCACAO";"26411";"INST.FED.DE EDUC.,CIENC.E TEC.DO SUDESTE MG";"158414";"INST.F.ED.,CIENC.E TEC DO SUD.DE MG/C.J.FORA";"000000000002/2015";"RepactuaÁ„o de valores baseada na CCT da categoria para o ano de 2015/2015.";"4012,70";"04/03/2015";"Encerrado"
"92013";"26000";"MINISTERIO DA EDUCACAO";"26411";"INST.FED.DE EDUC.,CIENC.E TEC.DO SUDESTE MG";"158414";"INST.F.ED.,CIENC.E TEC DO SUD.DE MG/C.J.FORA";"000000000001/2014";"RepactuaÁ„o conforme CCT 2014/2014, com inÌcio em 01/01/2014.";"2769,30";"29/01/2014";"Encerrado"
"542013";"26000";"MINISTERIO DA EDUCACAO";"26412";"INST.FED.DE EDUC.,CIENC.E TEC.DO SUL DE MG";"158137";"INST.FED.DE EDUC.,CIENC.E TEC.DO SUL DE MG";"000000000001/2014";"RETIFICAÁ„O DO TERMO DE REPACTUAÁ„O DO CONTRATO 54/2013. ONDE SE LÍ '1∫ TER                    MO ADITIVO DE 2014', LEIA-SE '2∫ TERMO ADITIVO DE 2014.";"0,00";"24/03/2014";"Encerrado"
"572013";"26000";"MINISTERIO DA EDUCACAO";"26412";"INST.FED.DE EDUC.,CIENC.E TEC.DO SUL DE MG";"158137";"INST.FED.DE EDUC.,CIENC.E TEC.DO SUL DE MG";"000000000001/2013";"ALTERAÁ„O DE ENDEREÁO DA SEDE PARA AVENIDA MARECHAL CASTELO BRANCO N 310 -                   BAIRRO CENTRO - CIDADE POUSO ALEGRE  - MG  CEP 37550-000";"0,00";"12/12/2013";"Encerrado"
"252013";"26000";"MINISTERIO DA EDUCACAO";"26413";"INST.FED.DE EDUC.,CIENC.E TEC.DO TRIA.MINEIRO";"158099";"INST.FED.DE EDUC.,CIENC.E TEC.DO TRIA.MINEIRO";"00000000000000001";"CCT - 2014";"25832,70";"03/06/2014";"Encerrado"
"252013";"26000";"MINISTERIO DA EDUCACAO";"26413";"INST.FED.DE EDUC.,CIENC.E TEC.DO TRIA.MINEIRO";"158099";"INST.FED.DE EDUC.,CIENC.E TEC.DO TRIA.MINEIRO";"00000000000000002";"RepactuaÁ„o conforme CCT 2015";"32321,70";"22/09/2015";"Encerrado"
"282013";"26000";"MINISTERIO DA EDUCACAO";"26413";"INST.FED.DE EDUC.,CIENC.E TEC.DO TRIA.MINEIRO";"158099";"INST.FED.DE EDUC.,CIENC.E TEC.DO TRIA.MINEIRO";"00000000000000001";"CCT 2014";"4532,70";"15/07/2014";"Encerrado"
"282013";"26000";"MINISTERIO DA EDUCACAO";"26413";"INST.FED.DE EDUC.,CIENC.E TEC.DO TRIA.MINEIRO";"158099";"INST.FED.DE EDUC.,CIENC.E TEC.DO TRIA.MINEIRO";"00000000000000003";"REPACTUAÁ„O DE VALORES REFERENTE A 2015 (CONVENÁ„O COLETIVA)";"24819,30";"13/10/2015";"Encerrado"
"282013";"26000";"MINISTERIO DA EDUCACAO";"26413";"INST.FED.DE EDUC.,CIENC.E TEC.DO TRIA.MINEIRO";"158099";"INST.FED.DE EDUC.,CIENC.E TEC.DO TRIA.MINEIRO";"00000000000000002";"RepcatuaÁ„o de valores referente ao ano de 2014.";"13970,20";"13/10/2015";"Encerrado"
"302013";"26000";"MINISTERIO DA EDUCACAO";"26413";"INST.FED.DE EDUC.,CIENC.E TEC.DO TRIA.MINEIRO";"158099";"INST.FED.DE EDUC.,CIENC.E TEC.DO TRIA.MINEIRO";"00000000000000001";"cct - 2014";"21906,80";"12/09/2013";"Encerrado"
"302013";"26000";"MINISTERIO DA EDUCACAO";"26413";"INST.FED.DE EDUC.,CIENC.E TEC.DO TRIA.MINEIRO";"158099";"INST.FED.DE EDUC.,CIENC.E TEC.DO TRIA.MINEIRO";"00000000000000002";"REPACTUA«√O RETROATIVA A JANEIRO DE 2016, EM VIRTUDE DE NOVA CONVEN«√O COLE                                           TIVA DE TRABALHO DAS CATEGORIAS.";"18869,50";"18/10/2016";"Encerrado"
"322013";"26000";"MINISTERIO DA EDUCACAO";"26423";"INST.FED.DE EDUC.,CIENC.E TEC. DE SERGIPE";"158134";"INST.FED.DE EDUC.,CIENC.E TEC.DE SERGIPE";"000000000001/2015";"Alterar o valor global do contrato, em raz„o de reajuste, conforme RelatÛrio Informativo n∫ 001/2015, constante na fl. 1184 do Processo n∫ 23060.00135                                                       4/2013-95 (vol. 04).";"395769,70";"23/06/2015";"Encerrado"
"322013";"26000";"MINISTERIO DA EDUCACAO";"26423";"INST.FED.DE EDUC.,CIENC.E TEC. DE SERGIPE";"158134";"INST.FED.DE EDUC.,CIENC.E TEC.DE SERGIPE";"00000000000000002";"REAJUSTE CONTRATUAL, CONFORME TERMO DE APOSTILAMENTO N∫ 02 AO CONTRATO 32/2                                                                       013.";"206921,20";"18/11/2015";"Encerrado"
"412013";"26000";"MINISTERIO DA EDUCACAO";"26429";"INST.FED.DE EDUC.,CIENC.E TEC.DE GOI¡S";"158153";"INST.FED.DE EDUC.,CIENC.E TEC.DE GOI¡S";"00000000000032014";"Apostilar os seguintes empenhos estimativos: Uasg 158432 - 2014NE800066; uasg 158433 - 2014NE800071; Uasg 158523 - 2014NE800044; Uasg 158611-2014NE800110; Uasg 158434-2014NE800080; Uasg 158610-2014NE800053; Uasg 158524-2014NE800068; Uasg 158522-2014NE800081; Uasg 158431-2014NE800095; Uasg 158430-2014NE800228; Uasg 158153-2014NE364, 2014NE800378, 2014NE800365 e 2014NE800377";"0,00";"26/09/2014";"Encerrado"
"1242013";"26000";"MINISTERIO DA EDUCACAO";"26438";"INST.FED.DE EDUC.,CIENC.E TEC.DE STA.CATARINA";"158516";"INSTITUTO FEDERAL DE EDUC.CIENC.E TEC.DE SC";"00000000000012017";"RepactuaÁ„o do contrato de zeladoria para o C‚mpus ItajaÌ do IFSC.";"1647,90";"23/06/2017";"Encerrado"
"1302013";"26000";"MINISTERIO DA EDUCACAO";"26438";"INST.FED.DE EDUC.,CIENC.E TEC.DE STA.CATARINA";"158516";"INSTITUTO FEDERAL DE EDUC.CIENC.E TEC.DE SC";"000000000001/2016";"REPACTUA«√O DE PRE«OS referente aos ServiÁos de Vigil‚ncia Ostensiva e Desa                                      rmada para o C‚mpus Garopaba do IFSC.";"19552,10";"04/10/2016";"Encerrado"
"32013";"26000";"MINISTERIO DA EDUCACAO";"26439";"INST.FED.DE EDUC.,CIENC.E TEC. DE S√O PAULO";"158346";"INST.FED.DE ED.,CIENC.E TEC.DE S√O PAULO";"000000000001/2014";"APOSTILAMENTO AO CONTRATO N∫ 003/13-SBV, DE 25/09/13, REFERENTE A REPACTUA«√O CONTRATUAL, DECORRENTE DA CONVEN«√O COLETIVA DE TRABALHO - 2014/2015, CO                                   NFORME PROCESSO N∫ 23311.000068/2014-94.";"15942,90";"26/08/2014";"Encerrado"
"32013";"26000";"MINISTERIO DA EDUCACAO";"26439";"INST.FED.DE EDUC.,CIENC.E TEC. DE S√O PAULO";"158347";"INST FED.DE SAO PAULO/CAMPUS CAMPOS DE JORD√O";"000000000002/2015";"APOSTILAMENTO AO TERMO DE CONTRATO N∫03/2013, VISANDO A FIXA«√O DOS VALORES MENSAIS RESULTANTES DA REPACTUA«√O EM VIRTUDE DE CONVEN«√O COLETIVA DE 201                                 4, CONFORME PROCESSO 23316.000066/2015-36.";"2681,00";"20/08/2015";"Encerrado"
"12013";"26000";"MINISTERIO DA EDUCACAO";"26439";"INST.FED.DE EDUC.,CIENC.E TEC. DE S√O PAULO";"158528";"INST.FED. SAO PAULO - CAMPUS PIRACICABA";"000000000003/2016";"RepactuaÁ„o decorrente da ConvenÁ„o Coletiva de Trabalho 2016 e da majoraÁ„                                                 o da tarifa de transporte.";"4038,10";"12/08/2016";"Encerrado"
"12013";"26000";"MINISTERIO DA EDUCACAO";"26439";"INST.FED.DE EDUC.,CIENC.E TEC. DE S√O PAULO";"158528";"INST.FED. SAO PAULO - CAMPUS PIRACICABA";"000000000004/2017";"APOSTILAMENTO AO TERMO DE CONTRATO N∫ 001/2013, VISANDO A FIXACAO DOS VALORES MENSAIS RESULTANTES DA REPACTUACAO EM VIRTUDE DE NOVA CONVENCAO COLETIVA (SP001766/17 MTE), CONFORME PROCESSO 23435.000235.2017-43 (PROCESSO ORIGIN                                                  AL 23435.000028.2013-65).";"13812,30";"25/05/2017";"Encerrado"
"12013";"26000";"MINISTERIO DA EDUCACAO";"26439";"INST.FED.DE EDUC.,CIENC.E TEC. DE S√O PAULO";"158528";"INST.FED. SAO PAULO - CAMPUS PIRACICABA";"000000000002/2014";"APOSTILAMENTO AO TERMO DE CONTRATO 001/2013, VISANDO A FIXA«√O DOS VALORESMENSAIS RESULTANTES DA REPACTUA«√O EM VIRTUDE DE NOVA CONVEN«√O COLETIVA 20            14 (MTE: SP001731/2014) CONFORME PROCESSO 23435.000072/2014-56.";"26075,10";"10/07/2014";"Encerrado"
"12013";"26000";"MINISTERIO DA EDUCACAO";"26439";"INST.FED.DE EDUC.,CIENC.E TEC. DE S√O PAULO";"158528";"INST.FED. SAO PAULO - CAMPUS PIRACICABA";"000000000001/2015";"APOSTILAMENTO AO TERMO DE CONTRATO N∫ 001/2013 VISANDO A FIXA«√O DOS VALORE S MENSAIS RESULTANTES DA REPACTUA«√O EM VIRTUDE DE NOVA CONVEN«√O COLETIVA                        2015/15, CONFORME PROCESSO N∫ 23435.000146/2015-35.";"16641,50";"04/08/2015";"Encerrado"
"72013";"30000";"MINISTERIO DA JUSTICA";"30108";"DEPARTAMENTO DE POLICIA FEDERAL";"200356";"SUPERINTENDENCIA REG.DEP.POLICIA FEDERAL - RJ";"000000000012/2014";"CONSOANTE AO DISPOSTO NO .8 DO ART. 65 DA LEI 8666/93, CONSIGNAMOS OS NOVOS VALORES DECORRENTES DA PRIMEIRA REPACTUAÁ„O DO CONTRATO EM FACE DA APLICAÁ„O DO IGP-M. O VALOR MENSAL PASSA DE R$ 85.000,00 PARA R$ 89.152,05 A PARTI                                                           R DE 01/11/2014.";"190994,30";"12/11/2014";"Encerrado"
"72013";"30000";"MINISTERIO DA JUSTICA";"30108";"DEPARTAMENTO DE POLICIA FEDERAL";"200356";"SUPERINTENDENCIA REG.DEP.POLICIA FEDERAL - RJ";"000000000010/2016";"Reajuste do contrato decorrente da aplicaÁ„o do IGP-M a partir de 01/09/201                                                                          5";"242436,90";"09/06/2016";"Encerrado"
"72013";"30000";"MINISTERIO DA JUSTICA";"30108";"DEPARTAMENTO DE POLICIA FEDERAL";"200356";"SUPERINTENDENCIA REG.DEP.POLICIA FEDERAL - RJ";"000000000014/2016";"REAJUSTE DO CONTRATO DE ALUGUEL DECORRENTE DA APLICAÁ„O DO IGP-M PREVISTO N A CL˙SULA DÈCIMA DO CONTRATO ORIGINAL. VALOR V·LIDO A PARTIR DE 01/09/2016";"260945,00";"19/12/2016";"Encerrado"
"162013";"30000";"MINISTERIO DA JUSTICA";"30802";"DEPARTAMENTO DE POLICIA RODOVIARIA FEDERAL/MJ";"200112";"SUPERINTENDENCIA REG. POL. RODV. FEDERAL-CE";"000000000002/2016";"ALTERA«√O DOS VALORES CONTRATADOS EM  ATENDIMENTO  ‡  CONVENÁ„O COLETIVA DETRABALHO 2016 DA CATEGORIA PROFISSIONAL ENVOLVIDA NA PRESTAÁ„O DOS SERVIÁOS                          CUJAS DISPOSIÁıES MAJORARAM COMPONENTES DE CUSTO.";"17515,60";"13/09/2016";"Encerrado"
"162013";"30000";"MINISTERIO DA JUSTICA";"30802";"DEPARTAMENTO DE POLICIA RODOVIARIA FEDERAL/MJ";"200112";"SUPERINTENDENCIA REG. POL. RODV. FEDERAL-CE";"00000000000012014";"REAJUSTE DO CONTRATO 16/2013 PARA VALOR MENSAL DE R$ 6.464,84 (SEIS MIL QUATROCENTOS E SESSENTA E QUATRO REAIS E OITENTA E QUATRO CENTAVOS) COM EFEITO S RETROATIVOS A JANEIRO DE 2014. FUNDAMENTO CONSTANTE DO PROCESSO 08653.00                                                               2310/2013-19";"4718,50";"30/05/2014";"Encerrado"
"162013";"30000";"MINISTERIO DA JUSTICA";"30802";"DEPARTAMENTO DE POLICIA RODOVIARIA FEDERAL/MJ";"200112";"SUPERINTENDENCIA REG. POL. RODV. FEDERAL-CE";"000000000001/2017";"REPACTUA«√O NOS VALORES DOS ITENS CONTRATADOS EM VIRTUDE DA CONVEN«√O                                                 COLETIVA DE TRABALHO 2017.";"2364,90";"05/05/2017";"Encerrado"
"162013";"30000";"MINISTERIO DA JUSTICA";"30802";"DEPARTAMENTO DE POLICIA RODOVIARIA FEDERAL/MJ";"200112";"SUPERINTENDENCIA REG. POL. RODV. FEDERAL-CE";"000000000002/2017";"RETIFICA«√O DO VALOR REPACTUADO REFERENTE ITEM 2.";"2557,00";"17/05/2017";"Encerrado"
"22013";"30000";"MINISTERIO DA JUSTICA";"30802";"DEPARTAMENTO DE POLICIA RODOVIARIA FEDERAL/MJ";"200139";"SUPERINTENDENCIA REG. POL. RODV. FEDERAL-TO";"00000000000052015";"REAJUSTE EM RAZ„O DE CONVENÁ„O COLETIVA.";"10390,10";"25/05/2015";"Encerrado"
"132013";"30000";"MINISTERIO DA JUSTICA";"30802";"DEPARTAMENTO DE POLICIA RODOVIARIA FEDERAL/MJ";"200233";"SUPERINTENDENCIA REG. POL. RODV. FEDERAL-AP";"08673000756201290";"EFEITOS FINANCEIROS SOBRE O CONTRATO RETROATIVOS A 01/06/2014, CONFORME CL¡USULA PRIMEIRA DA CONVEN«√O COLETIVA DE TRABALHO 2014/2014, REGISTRADA NO MTE SOB O N∫ AP000040/2014. O VALOR DO APOSTILAMENTO REFERE-SE AO PERÕODO DE                                                   01/06/2014 A 31/10/2014.";"14925,00";"13/11/2014";"Encerrado"
"212013";"32000";"MINISTERIO DE MINAS E ENERGIA";"32263";"DEPARTAMENTO NACIONAL DE PRODUCAO MINERAL";"323002";"MME-DEPART.NAC.DE PROD.MINERAL/SEDE/DNPM/DF";"48400001291201108";"REAJUSTE DO VALOR DO CONTRATO SEGUNDO INPC DO PERÌODO DE SETEMBRO/2014 A AG                     OSTO 2015, CORRESPONDENTE AO PERCENTUAL DE 9,5258500%.";"1578,70";"29/09/2016";"Efetivado"
"232013";"33000";"MINISTERIO DA PREVIDENCIA SOCIAL";"33000";"MINISTERIO DA PREVIDENCIA SOCIAL";"330005";"MPS-COORDENA«√O-GERAL DE LOG. E SERV. GERAIS";"000000000001/2014";"RepactuaÁ„o de PreÁos";"14924,20";"11/06/2014";"Encerrado"
"232013";"33000";"MINISTERIO DA PREVIDENCIA SOCIAL";"33000";"MINISTERIO DA PREVIDENCIA SOCIAL";"330005";"MPS-COORDENA«√O-GERAL DE LOG. E SERV. GERAIS";"000000000001/2015";"REPACTUAÁ„O DE PREÁOS.";"15212,50";"24/06/2015";"Encerrado"
"292013";"36000";"MINISTERIO DA SAUDE";"36000";"MINISTERIO DA SAUDE";"250059";"INSTITUTO NACIONAL DE CARDIOLOGIA";"00000000000012016";"REAJUSTE CONTRATUAL, REFERENTE AO PERÕODO DE OUTUBRO/2015 A SETEMBRO/2016,                      NOS TERMOS DO ARTIGO 65, PAR¡GRAFO 8∫ DA LEI 8666/93.";"30556,30";"01/11/2016";"Encerrado"
"142013";"36000";"MINISTERIO DA SAUDE";"36000";"MINISTERIO DA SAUDE";"257043";"DISTRITO SANIT.ESP.INDÕGENA GUAMA TOCANTINS";"00000000000012015";"O OBJETO DO PRESENTE APOSTILAMENTO  È O REAJUSTE DO VALOR DO CONTRATO, CON-  SIDERANDO TER DECORRIDO O PRAZO ESTABELECIDO EM CONTRATO PARA A CONCESS„O                                                               DE REAJUSTE.";"840,40";"17/03/2015";"Encerrado"
"172013";"36000";"MINISTERIO DA SAUDE";"36000";"MINISTERIO DA SAUDE";"257043";"DISTRITO SANIT.ESP.INDÕGENA GUAMA TOCANTINS";"00000000000022015";"O OBJETO DO PRESENTE APOSTILAMENTO È O REEQULÌBRIO ECONÙMICO FINANCEIRO DO CONTRATO N∫ 17/2013 EM DECORRÍNCIA DA CONVENÁ„O COLETIVA DE TRABALHO 2015.";"27680,20";"22/05/2015";"Encerrado"
"172013";"36000";"MINISTERIO DA SAUDE";"36000";"MINISTERIO DA SAUDE";"257043";"DISTRITO SANIT.ESP.INDÕGENA GUAMA TOCANTINS";"00000000000012016";"O OBJETO DO PRESENTE APOSTILAMENTO È O REEQUILÌBRIO ECONÙMICO FINANCEIRO DO  CONTRATO N∫17/2013 EM DECORRÍNCIA DA CONVENÁ„O COLETIVA DE TRABALHO 2016.";"56962,50";"28/01/2016";"Encerrado"
"172013";"36000";"MINISTERIO DA SAUDE";"36000";"MINISTERIO DA SAUDE";"257043";"DISTRITO SANIT.ESP.INDÕGENA GUAMA TOCANTINS";"00000000000012014";"RepactuaÁ„o do contrato em decorrÍncia da ConvenÁ„o Coletiva de Trabalho                                                                      2014.";"37245,10";"19/05/2014";"Encerrado"
"172013";"36000";"MINISTERIO DA SAUDE";"36000";"MINISTERIO DA SAUDE";"257044";"DISTRITO SANIT. ESP.INDIGENA- KAIAPO REDEN«√O";"25055000279201340";"REFERENTE AOS DISSÌDIOS COLETIVOS PA00037/2014,PA000202/2015,PA000162/2016";"203008,10";"15/03/2017";"Encerrado"
"62013";"36000";"MINISTERIO DA SAUDE";"36212";"AGENCIA NACIONAL DE VIGILANCIA SANITARIA";"253018";"COORD. DE V. SANIT. PORTOS, AER. E FRONT./CE";"00000000000000003";"MudanÁa de classificaÁ„o orÁament·ria e empenho de despesa do Contrato 06/                                                      2013, exercÌcio 2017.";"0,00";"10/02/2017";"Encerrado"
"62013";"36000";"MINISTERIO DA SAUDE";"36212";"AGENCIA NACIONAL DE VIGILANCIA SANITARIA";"253018";"COORD. DE V. SANIT. PORTOS, AER. E FRONT./CE";"00000000000000002";"REAJUSTE CONTRATUAL A PARTIR DE 08/10/2016 COM BASE NO IGP-DI DA  FUNDAÁ„O                                                            GET˙LIO VARGAS.";"6546,90";"14/11/2016";"Encerrado"
"62013";"36000";"MINISTERIO DA SAUDE";"36212";"AGENCIA NACIONAL DE VIGILANCIA SANITARIA";"253018";"COORD. DE V. SANIT. PORTOS, AER. E FRONT./CE";"00000000000000001";"REAJUSTAR A PARTIR DE 08/10/2014 O PRE«O DO CONTRATO N∫ 06/2013, QUE TRATADA CONTRATA«√O DE EMPRESA PARA PRESTA«√O DE SERVI«O DE TRANSPORTE TERRESTRE                                                 DE SERVIDORES DA CVPAF/CE.";"2633,60";"03/03/2015";"Encerrado"
"92013";"36000";"MINISTERIO DA SAUDE";"36212";"AGENCIA NACIONAL DE VIGILANCIA SANITARIA";"253028";"COORD.DE VIG.DE PORTOS,AEROPORTOS E FRONT.SP";"00000000000012015";"RepactuaÁ„o do contrato, fundamentado no art 37, inciso XXI da CF/88, Decre                to 271/96 e IN MPOG 02/08 - ConvenÁ„o Coletiva de trabalho.";"23347,80";"06/07/2015";"Encerrado"
"92013";"33000";"MINISTERIO DA PREVIDENCIA SOCIAL";"37202";"INSTITUTO NACIONAL DO SEGURO SOCIAL";"511829";"GER NCIA EXECUTIVA BARBACENA/MG";"00000000000000001";"PARA COBRIR DESPESAS DO CONTRATO 9/2013 REFERENTE PAGAMENTO DE AGUA E ESGOT                                          O PARA A APS DE SAO JOAO DEL REI.";"5169,10";"30/09/2014";"Efetivado"
"522013";"44000";"MINISTERIO DO MEIO AMBIENTE";"44207";"INST.CHICO MENDES DE CONSER.DA BIODIVERSIDADE";"443033";"COORDENA«AO GERAL DE FINAN«AS/DF";"00000000000000001";"Reajuste referente ao valor do contrato n∫ 52/2013, na forma estipulada  na                                    clausula sexta, correspondente ao IGPM.";"1614,80";"29/12/2014";"Encerrado"
"222013";"52000";"MINISTERIO DEFESA";"52111";"COMANDO DA AERONAUTICA";"120016";"GRUPAMENTO DE APOIO DE S√O JOS… DOS CAMPOS";"00000000000000001";"REPACTUAÁ„O DOS PREÁOS DOS SERVIÁOS CONTRATADOS.";"24460,00";"04/09/2014";"Encerrado"
"222013";"52000";"MINISTERIO DEFESA";"52111";"COMANDO DA AERONAUTICA";"120016";"GRUPAMENTO DE APOIO DE S√O JOS… DOS CAMPOS";"00000000000000002";"RepactuaÁ„o de preÁos dos serviÁos contratados.";"17515,40";"10/08/2015";"Encerrado"
"252013";"52000";"MINISTERIO DEFESA";"52111";"COMANDO DA AERONAUTICA";"120016";"GRUPAMENTO DE APOIO DE S√O JOS… DOS CAMPOS";"00000000000000001";"REPACTUAÁ„O DOS PREÁOS DOS SERVIÁOS CONTRATADOS.";"43930,30";"22/08/2014";"Encerrado"
"252013";"52000";"MINISTERIO DEFESA";"52111";"COMANDO DA AERONAUTICA";"120016";"GRUPAMENTO DE APOIO DE S√O JOS… DOS CAMPOS";"00000000000000002";"RepactuaÁ„o de preÁos devido a dissÌdio coletivo. Contrato n∫ 025/GIA-SJ/2013, Valor de R$ 300643,72 de JAN a JUL acrescido R$ 43.127,41 do mÍs de ago sto,pois o cronograma de agosto ja estava lanÁado com o valor anterior (R$                                                               295.226,37).";"343771,10";"10/08/2015";"Encerrado"
"272013";"52000";"MINISTERIO DEFESA";"52111";"COMANDO DA AERONAUTICA";"120016";"GRUPAMENTO DE APOIO DE S√O JOS… DOS CAMPOS";"00000000000000001";"REPACTUAÁ„O DOS PREÁOS DOS SERVIÁOS CONTRATADOS.";"6947,00";"22/12/2014";"Encerrado"
"32013";"52000";"MINISTERIO DEFESA";"52111";"COMANDO DA AERONAUTICA";"120054";"UNIVERSIDADE DA FORCA AEREA BRASILEIRA";"00000000000000001";"RepactuaÁ„o do valor contratual em aproximadamente 6,62 %, conforme faculta a CL¡USULA 18 - DO CRIT…RIO DE REAJUSTE E DO EQUILÕBRIO ECON‘MICO-FINANCEIRO, em seu item 18.1.1.2, do Termo de Contrato. O valor deste Termo de Apostilamento È de R$ 11.428,21, perfazendo o valor do Termo de Contrato n∫ 003                                     /DEPENS-UNIFA/2013 para R$ 184.028,20.";"11428,20";"18/08/2014";"Encerrado"
"162013";"52000";"MINISTERIO DEFESA";"52111";"COMANDO DA AERONAUTICA";"120068";"PARQUE DE MATERIAL AERONAUTICO DE SAO PAULO";"00000000000000001";"REAJUSTE ANUAL DE 9,14%, CONFORME CL¡USULA 11";"1323089,30";"12/11/2014";"Encerrado"
"162013";"52000";"MINISTERIO DEFESA";"52111";"COMANDO DA AERONAUTICA";"120068";"PARQUE DE MATERIAL AERONAUTICO DE SAO PAULO";"00000000000000002";"REAJUSTE ANUAL DE 9,93%, CONFORME CL¡USULA 11";"1176309,80";"06/11/2015";"Encerrado"
"162013";"52000";"MINISTERIO DEFESA";"52111";"COMANDO DA AERONAUTICA";"120068";"PARQUE DE MATERIAL AERONAUTICO DE SAO PAULO";"00000000000000003";"ALTERA«√O DO CNPJ DA MATRIZ NO RJ PARA O CNPJ DA FILIAL DE PORTO ALEGRE-RS                             E ALTERA«√O DE DADOS BANC¡RIOS PARA PAGAMENTOS";"0,00";"13/11/2015";"Encerrado"
"102013";"52000";"MINISTERIO DEFESA";"52111";"COMANDO DA AERONAUTICA";"120074";"QUINTO COMANDO A…REO REGIONAL/RS";"00000000000000001";"reajuste do valor do contrato.";"32845,50";"11/09/2014";"Encerrado"
"92013";"52000";"MINISTERIO DEFESA";"52111";"COMANDO DA AERONAUTICA";"120074";"QUINTO COMANDO A…REO REGIONAL/RS";"00000000000000001";"REAJUSTE DO VALOR DO CONTRATO CONFORME CL¡USULA D…CIMA.";"8290,30";"19/08/2014";"Encerrado"
"122013";"52000";"MINISTERIO DEFESA";"52111";"COMANDO DA AERONAUTICA";"120080";"MAER - BASE AEREA DE ANAPOLIS/GO";"00000000000000002";"REPACTUAR O VALOR DO CONTRATO EM EPÌGRAFE, CONFORME PREVISTO NA CL·USULA 11∫, DE ACORDO COM A PREVIS„O DO FATOR DE CORREÁ„O, ÌNDICE ABSOLUTO, APRESENT             ADO PELA CORREÁ„O DO IPCA-E (IBGE) COM VARIAÁ„O DE 7,1200600%.";"426,90";"19/11/2014";"Encerrado"
"122013";"52000";"MINISTERIO DEFESA";"52111";"COMANDO DA AERONAUTICA";"120080";"MAER - BASE AEREA DE ANAPOLIS/GO";"000000000004/2015";"REAJUSTAR O VALOR DO CONTRATO DE EPÌGRAFE, CONFORME PREVISTO NO ART 37 DA IN 02, DE 30 DE ABRIL DE 2008, DE ACORDO COM A PREVIS„O DO FATOR DE CORREÁ„O, ÌNDICE ABSOLUTO, APRESENTADO PELO IPCA-E (IBGE) COM VARIAÁ„O DE 10,117290                                                                        0%.";"660,60";"09/12/2015";"Encerrado"
"122013";"52000";"MINISTERIO DEFESA";"52111";"COMANDO DA AERONAUTICA";"120080";"MAER - BASE AEREA DE ANAPOLIS/GO";"000000000001/2014";"REPACTUAR O VALOR DO CONTRATO EM EPÌGRAFE, CONFORME PREVISTO NO ART 37 DA IN 02, DE 30 DE ABRIL DE 2008, DE ACORDO COM A PREVIS„O DO FATOR DE CORREÁ„O, ÌNDICE ABSOLUTO, APRESENTADO PELA CONVEÁ„O COLETIVA DE TRABALHO 2014/2015REGISTRADA NO MTE SOB N∫ GO000493/2014 EM 18 DE JULHO DE 2014, COM DISPÍNDIO 15%, NO PERÌODO DE 1∫ DE MARÁO DE 2014 A 28 DE FEVEREIRO DE 2015 E A DATA";"7713,70";"15/10/2014";"Encerrado"
"122013";"52000";"MINISTERIO DEFESA";"52111";"COMANDO DA AERONAUTICA";"120080";"MAER - BASE AEREA DE ANAPOLIS/GO";"000000000003/2015";"REPACTUAR O VALOR DO CONTRATO EM EPÌGRAFE, CONFORME PREVISTO NO ART 37 DA IN 02, DE 30 DE ABRIL DE 2008, DE ACORDO COM A PREVIS„O DO FATOR DE CORREÁ„O, ÌNDICE ABSOLUTO, APRESENTADO PELA CONVENÁ„O COLETIVA DE TRABALHO 2015/2017 REGISTRADA NO MTE SOB N∫ GO000146/2015 EM 10 DE MARÁO DE 2015, COM DISPÍNCIO 11,84%, NO PERÌODO DE 1∫ DE MARÁO DE 2015 A 28 DE FEVEREIRO DE 2016 E A";"3760,70";"12/05/2015";"Encerrado"
"242013";"52000";"MINISTERIO DEFESA";"52111";"COMANDO DA AERONAUTICA";"120094";"QUARTO CENTRO INT. DEF. AEREA CONTR.TFG.AEREO";"67615007489201316";"APOSTILAMENTO REFERENTE A REPACTUAÁ„O DE PREÁO FACE AO REAJUSTE NO PISO SA LARIAL, QUE VIGOROU A PARTIR DO DIA 01 DE JANEIRO DE 2015, CONFORME CONVEN                                                 Á„O COLETIVA DA CATEGORIA.";"13779,10";"24/08/2015";"Encerrado"
"412013";"52000";"MINISTERIO DEFESA";"52111";"COMANDO DA AERONAUTICA";"120127";"COMISSAO DE IMPLANT.DO SIST.DE CONTR.DO E AER";"000000000000TRA02";"REAJUSTE DO VALOR CONTRATUAL ,MAIO 14 MAIO 15";"44863,50";"10/08/2015";"Encerrado"
"412013";"52000";"MINISTERIO DEFESA";"52111";"COMANDO DA AERONAUTICA";"120127";"COMISSAO DE IMPLANT.DO SIST.DE CONTR.DO E AER";"000000000000TRA03";"REAJUSTE DO VALOR CONTRATUAL COM BASE MAI15-MAI16";"16309,80";"21/07/2016";"Encerrado"
"412013";"52000";"MINISTERIO DEFESA";"52111";"COMANDO DA AERONAUTICA";"120127";"COMISSAO DE IMPLANT.DO SIST.DE CONTR.DO E AER";"00000000000TRA001";"REAJUSTE DO VALOR CONTRATUAL, DATA BASE MAIO 2013/2014";"78211,40";"10/07/2014";"Encerrado"
"132013";"52000";"MINISTERIO DEFESA";"52111";"COMANDO DA AERONAUTICA";"120195";"CENTRO DE AQUISI«’ES ESPECIFICAS";"00000000000000002";"REAJUSTE DO VALOR DO CONTRATO 003/PAMAGL/2013 NO VALOR DE R$ 4.867.486,52.";"4867486,50";"17/07/2015";"Encerrado"
"132013";"52000";"MINISTERIO DEFESA";"52111";"COMANDO DA AERONAUTICA";"120195";"CENTRO DE AQUISI«’ES ESPECIFICAS";"00000000000000001";"ALTERAÁ„O DA RAZ„O SOCIAL DA EMPRESA CONTRATADA, CONFORME CARTA IAS 0809/2-15 DE 08 DE SETEMBRO DE 2015, IAS IND⁄STRIA DE AVIA«√O E SERVI«O SA. E REAJ                  USTE DOS VALORES CONTRATUAIS NO VALOR DE R$ 3.627.709,77.";"3627709,70";"14/10/2014";"Encerrado"
"122013";"52000";"MINISTERIO DEFESA";"52111";"COMANDO DA AERONAUTICA";"120624";"BASE A…REA DE AN¡POLIS";"000000000005/2016";"REPACTUAR O VALOR DO CONTRATO EM EPÌGRAFE, CONFORME PREVISTO NO ART. 37 DAIN 02, DE 30 DE ABRIL DE 2008, DA ACORDO COM A PREVIS„O DO FATOR DE CORREÁ„O, ÌNDICE ABSOLUTO, APRESENTADO PELA CONVENÁ„O COLETIVA DE TRABALHO 2016/2018 REGISTRADA NO MTE SOB O N∫ GO000188/2016 EM 10 DE MARÁO DE 2016, COM DIS PÍNDIO 11,90%, NO PERÌODO DE 1∫ DE MARÁO DE 2016 A 28 DE FEVEREIRO DE 2018";"4000,20";"20/06/2016";"Encerrado"
"32013";"52000";"MINISTERIO DEFESA";"52121";"COMANDO DO EXERCITO";"160095";"58 BATALHAO DE INFANTARIA MOTORIZADO-MEX/GO";"000000000001/2015";"N„o houveram suficientes parcelas adicionadas na ocasi„o do lanÁamento do                                     1  termo aditivo ao contrato 003/2013.";"0,00";"17/10/2014";"Encerrado"
"32013";"52000";"MINISTERIO DEFESA";"52121";"COMANDO DO EXERCITO";"160095";"58 BATALHAO DE INFANTARIA MOTORIZADO-MEX/GO";"00000000000000001";"Erro no lanÁamento do aditivo (foi lanÁada uma parcela para o exercÌcio)Neste ato faz-se o lanÁamento das parcelas do saldo do aditivo do contrato.                                             10 x R$ 1797,30 + 1 x 1797,32.";"19770,30";"11/02/2015";"Encerrado"
"22013";"52000";"MINISTERIO DEFESA";"52121";"COMANDO DO EXERCITO";"160220";"COMISSAO REGIONAL DE OBRAS/5";"00000000000000001";"Visando a execuÁ„o da obra que ultrapassou 365 dias a partir da data de ent                                           rega dos envelopes da licitaÁ„o.";"35708,60";"20/07/2016";"Encerrado"
"122013";"52000";"MINISTERIO DEFESA";"52121";"COMANDO DO EXERCITO";"160396";"COMISSAO REGIONAL DE OBRAS/3/RS";"00000000000000001";"reajuste preÁo";"27391,50";"20/06/2016";"Encerrado"
"32013";"52000";"MINISTERIO DEFESA";"52121";"COMANDO DO EXERCITO";"160530";"BASE DE ADM. E APOIO DO COMANDO MILITAR OESTE";"00000000000012013";"ACRÈSCIMO DO VALOR DO CONTRATO EM 25%.";"12418,50";"12/12/2013";"Encerrado"
"92013";"52000";"MINISTERIO DEFESA";"52121";"COMANDO DO EXERCITO";"160548";"COMANDO DE OPERACOES TERRESTRES - UG";"000000000003/2016";"AlteraÁ„o por erro no lanÁamento do valor de R$ 1.950,00, para r$ 1.950.00,                                      00, sendo a diferenÁa R$ 1.948.050,00";"1948050,00";"08/06/2017";"Encerrado"
"12013";"52000";"MINISTERIO DEFESA";"52222";"FUNDACAO OSORIO";"164204";"FUNDACAO OSORIO";"00000000001/2016.";"ONDE SE LÍ:A ESTIMATIVA DE CUSTOS DESTE TERMO ADITIVO È DE R$68.647,56.LEIA          -SE: A ESTIMATIVA DE CUSTOS DESTE TERMO ADITIVO È DE R$73.837,20.";"5189,60";"10/10/2016";"Encerrado"
"132013";"99900";"REPUBLICA FEDERATIVA DO BRASIL";"95420";"ESTADO DE SAO PAULO";"264001";"FUNDA«√O J.D.FIGUEIREDO SEG.MED.TRABALHO/SP";"000000000002/2017";"Reajustar seu valor global para fazer vistas ‡ variaÁ„o de seu custo em2,4558% em decorrÍncia do acumulado de set/2016 a ago/2017 do IPCA/IBGE, previsto na Cl·usula SÈtima do Contrato original cuja aplicaÁ„o se dar· a par                                                         tir de 07/10/2017.";"448,00";"06/10/2017";"Encerrado"
